<?xml version="1.0"?>
<LMRMEAState fileVersion="1">
<Basic>
  <Step>3</Step>
  <EARandUniform>40837</EARandUniform>
  <EARandGauss>21932</EARandGauss>
  <TickTotal>0</TickTotal>
  <EAIndividualID>186</EAIndividualID>
  <TaskRunProcessCount>0</TaskRunProcessCount>
  <MtbExporterProcessCount>0</MtbExporterProcessCount>
</Basic>
<Population count="50">
  <EAIndividual ID="147">
    <CreationType>Breeding</CreationType>
  </EAIndividual>
  <EAIndividual ID="156">
    <CreationType>Breeding</CreationType>
  </EAIndividual>
  <EAIndividual ID="162">
    <CreationType>Breeding</CreationType>
  </EAIndividual>
  <EAIndividual ID="163">
    <CreationType>Breeding</CreationType>
  </EAIndividual>
  <EAIndividual ID="164">
    <CreationType>Breeding</CreationType>
  </EAIndividual>
  <EAIndividual ID="167">
    <CreationType>Breeding</CreationType>
  </EAIndividual>
  <EAIndividual ID="168">
    <CreationType>Breeding</CreationType>
  </EAIndividual>
  <EAIndividual ID="173">
    <CreationType>Breeding</CreationType>
  </EAIndividual>
  <EAIndividual ID="174">
    <CreationType>Breeding</CreationType>
  </EAIndividual>
  <EAIndividual ID="176">
    <CreationType>Breeding</CreationType>
  </EAIndividual>
  <EAIndividual ID="179">
    <CreationType>Breeding</CreationType>
  </EAIndividual>
  <EAIndividual ID="185">
    <CreationType>Breeding</CreationType>
  </EAIndividual>
  <EAIndividual ID="146">
    <CreationType>Breeding</CreationType>
  </EAIndividual>
  <EAIndividual ID="150">
    <CreationType>Breeding</CreationType>
  </EAIndividual>
  <EAIndividual ID="151">
    <CreationType>Breeding</CreationType>
  </EAIndividual>
  <EAIndividual ID="152">
    <CreationType>Breeding</CreationType>
  </EAIndividual>
  <EAIndividual ID="153">
    <CreationType>Breeding</CreationType>
  </EAIndividual>
  <EAIndividual ID="154">
    <CreationType>Breeding</CreationType>
  </EAIndividual>
  <EAIndividual ID="155">
    <CreationType>Breeding</CreationType>
  </EAIndividual>
  <EAIndividual ID="158">
    <CreationType>Breeding</CreationType>
  </EAIndividual>
  <EAIndividual ID="159">
    <CreationType>Breeding</CreationType>
  </EAIndividual>
  <EAIndividual ID="161">
    <CreationType>Breeding</CreationType>
  </EAIndividual>
  <EAIndividual ID="165">
    <CreationType>Breeding</CreationType>
  </EAIndividual>
  <EAIndividual ID="171">
    <CreationType>Breeding</CreationType>
  </EAIndividual>
  <EAIndividual ID="172">
    <CreationType>Breeding</CreationType>
  </EAIndividual>
  <EAIndividual ID="177">
    <CreationType>Breeding</CreationType>
  </EAIndividual>
  <EAIndividual ID="178">
    <CreationType>Breeding</CreationType>
  </EAIndividual>
  <EAIndividual ID="180">
    <CreationType>Breeding</CreationType>
  </EAIndividual>
  <EAIndividual ID="183">
    <CreationType>Breeding</CreationType>
  </EAIndividual>
  <EAIndividual ID="184">
    <CreationType>Breeding</CreationType>
  </EAIndividual>
  <EAIndividual ID="104">
    <CreationType>Breeding</CreationType>
  </EAIndividual>
  <EAIndividual ID="105">
    <CreationType>Breeding</CreationType>
  </EAIndividual>
  <EAIndividual ID="106">
    <CreationType>Breeding</CreationType>
  </EAIndividual>
  <EAIndividual ID="113">
    <CreationType>Breeding</CreationType>
  </EAIndividual>
  <EAIndividual ID="119">
    <CreationType>Breeding</CreationType>
  </EAIndividual>
  <EAIndividual ID="122">
    <CreationType>Breeding</CreationType>
  </EAIndividual>
  <EAIndividual ID="124">
    <CreationType>Breeding</CreationType>
  </EAIndividual>
  <EAIndividual ID="125">
    <CreationType>Breeding</CreationType>
  </EAIndividual>
  <EAIndividual ID="136">
    <CreationType>Breeding</CreationType>
  </EAIndividual>
  <EAIndividual ID="157">
    <CreationType>Mutation Swap</CreationType>
  </EAIndividual>
  <EAIndividual ID="160">
    <CreationType>Mutation Swap</CreationType>
  </EAIndividual>
  <EAIndividual ID="166">
    <CreationType>Mutation Fill</CreationType>
  </EAIndividual>
  <EAIndividual ID="182">
    <CreationType>Cross Row Half</CreationType>
  </EAIndividual>
  <EAIndividual ID="148">
    <CreationType>Cross Row Half</CreationType>
  </EAIndividual>
  <EAIndividual ID="149">
    <CreationType>Cross Row Half</CreationType>
  </EAIndividual>
  <EAIndividual ID="175">
    <CreationType>Mutation Swap</CreationType>
  </EAIndividual>
  <EAIndividual ID="169">
    <CreationType>Cross Row Half</CreationType>
  </EAIndividual>
  <EAIndividual ID="170">
    <CreationType>Cross Row Half</CreationType>
  </EAIndividual>
  <EAIndividual ID="181">
    <CreationType>Cross Row Half</CreationType>
  </EAIndividual>
  <EAIndividual ID="1">
    <CreationType>Data Preset</CreationType>
  </EAIndividual>
  </Population>
<OperationCount>
  <CrossoverCount>3</CrossoverCount>
  <MutationCount>4</MutationCount>
  <BreedCount>30</BreedCount>
  <ReproductionCount>10</ReproductionCount>
  <CrossoverColumnCount>9</CrossoverColumnCount>
  <CrossoverRowCount>9</CrossoverRowCount>
  <CrossoverRowRandomCount>0</CrossoverRowRandomCount>
  <CrossoverRowHalfCount>9</CrossoverRowHalfCount>
  <MutationSwapCount>3</MutationSwapCount>
  <MutationModifyCount>0</MutationModifyCount>
  <MutationNewCount>1</MutationNewCount>
</OperationCount>
<Statistics>
  <TickInit>0</TickInit>
  <TickDBPrepare>0</TickDBPrepare>
  <TickLaunchExternal>0</TickLaunchExternal>
  <TickResultImport>0</TickResultImport>
  <TickDBRemove>0</TickDBRemove>
  <TickEA>0</TickEA>
  <TickBitStringCache>0</TickBitStringCache>
  <CreationType>
    <Individual creationType="Random">
      <Create>99</Create>
      <Remove>99</Remove>
      <Best>1</Best>
      <Parent>44</Parent>
      <Reproduction>4</Reproduction>
  </Individual>
    <Individual creationType="Cross Col">
      <Create>0</Create>
      <Remove>0</Remove>
      <Best>0</Best>
      <Parent>0</Parent>
      <Reproduction>0</Reproduction>
  </Individual>
    <Individual creationType="Cross Row Random">
      <Create>0</Create>
      <Remove>0</Remove>
      <Best>0</Best>
      <Parent>0</Parent>
      <Reproduction>0</Reproduction>
  </Individual>
    <Individual creationType="Cross Row Half">
      <Create>16</Create>
      <Remove>10</Remove>
      <Best>0</Best>
      <Parent>0</Parent>
      <Reproduction>0</Reproduction>
  </Individual>
    <Individual creationType="Mutation Swap">
      <Create>5</Create>
      <Remove>2</Remove>
      <Best>0</Best>
      <Parent>0</Parent>
      <Reproduction>0</Reproduction>
  </Individual>
    <Individual creationType="Mutation Modify">
      <Create>0</Create>
      <Remove>0</Remove>
      <Best>0</Best>
      <Parent>0</Parent>
      <Reproduction>0</Reproduction>
  </Individual>
    <Individual creationType="Mutation Fill">
      <Create>1</Create>
      <Remove>0</Remove>
      <Best>0</Best>
      <Parent>0</Parent>
      <Reproduction>0</Reproduction>
  </Individual>
    <Individual creationType="Breeding">
      <Create>63</Create>
      <Remove>24</Remove>
      <Best>2</Best>
      <Parent>46</Parent>
      <Reproduction>9</Reproduction>
  </Individual>
    <Individual creationType="Data Preset">
      <Create>1</Create>
      <Remove>0</Remove>
      <Best>0</Best>
      <Parent>64</Parent>
      <Reproduction>2</Reproduction>
  </Individual>
    <Individual creationType="Restored">
      <Create>0</Create>
      <Remove>0</Remove>
      <Best>0</Best>
      <Parent>0</Parent>
      <Reproduction>0</Reproduction>
  </Individual>
  </CreationType>
</Statistics>
<History>
  <Step index="1">
    <FitnessBest>0.800</FitnessBest>
    <FitnessWorst>3.107</FitnessWorst>
    <BestCreationType>Random</BestCreationType>
    <BestChanged>1</BestChanged>
    <StepDuration>9500</StepDuration>
    <StepSpeed>10.526</StepSpeed>
  </Step>
  <Step index="2">
    <FitnessBest>0.400</FitnessBest>
    <FitnessWorst>3.000</FitnessWorst>
    <BestCreationType>Breeding</BestCreationType>
    <BestChanged>1</BestChanged>
    <StepDuration>4462</StepDuration>
    <StepSpeed>11.206</StepSpeed>
  </Step>
  <Step index="3">
    <FitnessBest>0.000</FitnessBest>
    <FitnessWorst>1.200</FitnessWorst>
    <BestCreationType>Breeding</BestCreationType>
    <BestChanged>1</BestChanged>
    <StepDuration>3884</StepDuration>
    <StepSpeed>12.873</StepSpeed>
  </Step>
</History>
</LMRMEAState>
