<?xml version="1.0"?>
<LMRMEARandomizerState fileVersion="1">
<Basic>
  <Step>40</Step>
  <EARandUniform>31760</EARandUniform>
  <EARandGauss>277</EARandGauss>
  <TickTotal>0</TickTotal>
  <EAIndividualID>1771</EAIndividualID>
  <TaskRunProcessCount>0</TaskRunProcessCount>
  <MtbExporterProcessCount>0</MtbExporterProcessCount>
</Basic>
<Population count="50">
  <EAIndividual ID="1">
    <CreationType>Data Preset</CreationType>
  </EAIndividual>
  <EAIndividual ID="1683">
    <CreationType>Mutation Swap</CreationType>
  </EAIndividual>
  <EAIndividual ID="1685">
    <CreationType>Mutation Swap</CreationType>
  </EAIndividual>
  <EAIndividual ID="1687">
    <CreationType>Mutation Swap</CreationType>
  </EAIndividual>
  <EAIndividual ID="1692">
    <CreationType>Mutation Swap</CreationType>
  </EAIndividual>
  <EAIndividual ID="1700">
    <CreationType>Mutation Fill</CreationType>
  </EAIndividual>
  <EAIndividual ID="1701">
    <CreationType>Mutation Swap</CreationType>
  </EAIndividual>
  <EAIndividual ID="1702">
    <CreationType>Mutation Swap</CreationType>
  </EAIndividual>
  <EAIndividual ID="1705">
    <CreationType>Mutation Swap</CreationType>
  </EAIndividual>
  <EAIndividual ID="1713">
    <CreationType>Mutation Fill</CreationType>
  </EAIndividual>
  <EAIndividual ID="1714">
    <CreationType>Mutation Swap</CreationType>
  </EAIndividual>
  <EAIndividual ID="1716">
    <CreationType>Mutation Fill</CreationType>
  </EAIndividual>
  <EAIndividual ID="1720">
    <CreationType>Mutation Fill</CreationType>
  </EAIndividual>
  <EAIndividual ID="1725">
    <CreationType>Mutation Fill</CreationType>
  </EAIndividual>
  <EAIndividual ID="1726">
    <CreationType>Mutation Fill</CreationType>
  </EAIndividual>
  <EAIndividual ID="1728">
    <CreationType>Cross Row Half</CreationType>
  </EAIndividual>
  <EAIndividual ID="1730">
    <CreationType>Mutation Swap</CreationType>
  </EAIndividual>
  <EAIndividual ID="1731">
    <CreationType>Mutation Fill</CreationType>
  </EAIndividual>
  <EAIndividual ID="1732">
    <CreationType>Mutation Swap</CreationType>
  </EAIndividual>
  <EAIndividual ID="1733">
    <CreationType>Mutation Fill</CreationType>
  </EAIndividual>
  <EAIndividual ID="1737">
    <CreationType>Mutation Fill</CreationType>
  </EAIndividual>
  <EAIndividual ID="1739">
    <CreationType>Cross Row Half</CreationType>
  </EAIndividual>
  <EAIndividual ID="1740">
    <CreationType>Cross Row Half</CreationType>
  </EAIndividual>
  <EAIndividual ID="1741">
    <CreationType>Cross Row Half</CreationType>
  </EAIndividual>
  <EAIndividual ID="1742">
    <CreationType>Mutation Swap</CreationType>
  </EAIndividual>
  <EAIndividual ID="1744">
    <CreationType>Cross Col</CreationType>
  </EAIndividual>
  <EAIndividual ID="1745">
    <CreationType>Mutation Swap</CreationType>
  </EAIndividual>
  <EAIndividual ID="1746">
    <CreationType>Mutation Swap</CreationType>
  </EAIndividual>
  <EAIndividual ID="1747">
    <CreationType>Mutation Fill</CreationType>
  </EAIndividual>
  <EAIndividual ID="1749">
    <CreationType>Mutation Swap</CreationType>
  </EAIndividual>
  <EAIndividual ID="1751">
    <CreationType>Cross Col</CreationType>
  </EAIndividual>
  <EAIndividual ID="1752">
    <CreationType>Mutation Swap</CreationType>
  </EAIndividual>
  <EAIndividual ID="1753">
    <CreationType>Mutation Fill</CreationType>
  </EAIndividual>
  <EAIndividual ID="1754">
    <CreationType>Mutation Swap</CreationType>
  </EAIndividual>
  <EAIndividual ID="1755">
    <CreationType>Cross Row Half</CreationType>
  </EAIndividual>
  <EAIndividual ID="1756">
    <CreationType>Cross Row Half</CreationType>
  </EAIndividual>
  <EAIndividual ID="1757">
    <CreationType>Mutation Swap</CreationType>
  </EAIndividual>
  <EAIndividual ID="1758">
    <CreationType>Mutation Fill</CreationType>
  </EAIndividual>
  <EAIndividual ID="1759">
    <CreationType>Mutation Fill</CreationType>
  </EAIndividual>
  <EAIndividual ID="1760">
    <CreationType>Cross Row Half</CreationType>
  </EAIndividual>
  <EAIndividual ID="1761">
    <CreationType>Cross Row Half</CreationType>
  </EAIndividual>
  <EAIndividual ID="1762">
    <CreationType>Mutation Swap</CreationType>
  </EAIndividual>
  <EAIndividual ID="1763">
    <CreationType>Cross Row Half</CreationType>
  </EAIndividual>
  <EAIndividual ID="1764">
    <CreationType>Cross Row Half</CreationType>
  </EAIndividual>
  <EAIndividual ID="1765">
    <CreationType>Mutation Fill</CreationType>
  </EAIndividual>
  <EAIndividual ID="1766">
    <CreationType>Mutation Swap</CreationType>
  </EAIndividual>
  <EAIndividual ID="1767">
    <CreationType>Cross Row Half</CreationType>
  </EAIndividual>
  <EAIndividual ID="1768">
    <CreationType>Cross Row Half</CreationType>
  </EAIndividual>
  <EAIndividual ID="1769">
    <CreationType>Cross Row Half</CreationType>
  </EAIndividual>
  <EAIndividual ID="1770">
    <CreationType>Cross Row Half</CreationType>
  </EAIndividual>
  </Population>
<OperationCount>
  <CrossoverCount>10</CrossoverCount>
  <MutationCount>27</MutationCount>
  <BreedCount>1952935525</BreedCount>
  <ReproductionCount>3</ReproductionCount>
  <CrossoverColumnCount>16</CrossoverColumnCount>
  <CrossoverRowCount>14</CrossoverRowCount>
  <CrossoverRowRandomCount>0</CrossoverRowRandomCount>
  <CrossoverRowHalfCount>14</CrossoverRowHalfCount>
  <MutationSwapCount>13</MutationSwapCount>
  <MutationModifyCount>0</MutationModifyCount>
  <MutationNewCount>14</MutationNewCount>
</OperationCount>
<Statistics>
  <TickInit>0</TickInit>
  <TickDBPrepare>0</TickDBPrepare>
  <TickLaunchExternal>0</TickLaunchExternal>
  <TickResultImport>0</TickResultImport>
  <TickDBRemove>0</TickDBRemove>
  <TickEA>0</TickEA>
  <TickBitStringCache>0</TickBitStringCache>
  <CreationType>
    <Individual creationType="Random">
      <Create>0</Create>
      <Remove>0</Remove>
      <Best>0</Best>
      <Parent>0</Parent>
      <Reproduction>0</Reproduction>
  </Individual>
    <Individual creationType="Cross Col">
      <Create>110</Create>
      <Remove>108</Remove>
      <Best>5</Best>
      <Parent>167</Parent>
      <Reproduction>18</Reproduction>
  </Individual>
    <Individual creationType="Cross Row Random">
      <Create>0</Create>
      <Remove>0</Remove>
      <Best>0</Best>
      <Parent>0</Parent>
      <Reproduction>0</Reproduction>
  </Individual>
    <Individual creationType="Cross Row Half">
      <Create>574</Create>
      <Remove>489</Remove>
      <Best>6</Best>
      <Parent>482</Parent>
      <Reproduction>48</Reproduction>
  </Individual>
    <Individual creationType="Mutation Swap">
      <Create>545</Create>
      <Remove>462</Remove>
      <Best>27</Best>
      <Parent>1004</Parent>
      <Reproduction>79</Reproduction>
  </Individual>
    <Individual creationType="Mutation Modify">
      <Create>0</Create>
      <Remove>0</Remove>
      <Best>0</Best>
      <Parent>0</Parent>
      <Reproduction>0</Reproduction>
  </Individual>
    <Individual creationType="Mutation Fill">
      <Create>540</Create>
      <Remove>399</Remove>
      <Best>2</Best>
      <Parent>378</Parent>
      <Reproduction>46</Reproduction>
  </Individual>
    <Individual creationType="Breeding">
      <Create>0</Create>
      <Remove>0</Remove>
      <Best>0</Best>
      <Parent>0</Parent>
      <Reproduction>0</Reproduction>
  </Individual>
    <Individual creationType="Data Preset">
      <Create>1</Create>
      <Remove>0</Remove>
      <Best>0</Best>
      <Parent>49</Parent>
      <Reproduction>39</Reproduction>
  </Individual>
    <Individual creationType="Restored">
      <Create>0</Create>
      <Remove>0</Remove>
      <Best>0</Best>
      <Parent>0</Parent>
      <Reproduction>0</Reproduction>
  </Individual>
  </CreationType>
</Statistics>
<History>
  <Step index="1">
    <RandomizerValueHighest>1.200</RandomizerValueHighest>
    <BestCreationType>Mutation Swap</BestCreationType>
    <BestChanged>1</BestChanged>
    <StepDuration>3463</StepDuration>
    <StepSpeed>14.150</StepSpeed>
  </Step>
  <Step index="2">
    <RandomizerValueHighest>2.200</RandomizerValueHighest>
    <BestCreationType>Mutation Swap</BestCreationType>
    <BestChanged>1</BestChanged>
    <StepDuration>3183</StepDuration>
    <StepSpeed>15.708</StepSpeed>
  </Step>
  <Step index="3">
    <RandomizerValueHighest>3.200</RandomizerValueHighest>
    <BestCreationType>Cross Col</BestCreationType>
    <BestChanged>1</BestChanged>
    <StepDuration>3401</StepDuration>
    <StepSpeed>14.702</StepSpeed>
  </Step>
  <Step index="4">
    <RandomizerValueHighest>4.200</RandomizerValueHighest>
    <BestCreationType>Mutation Swap</BestCreationType>
    <BestChanged>1</BestChanged>
    <StepDuration>3354</StepDuration>
    <StepSpeed>14.908</StepSpeed>
  </Step>
  <Step index="5">
    <RandomizerValueHighest>4.667</RandomizerValueHighest>
    <BestCreationType>Mutation Swap</BestCreationType>
    <BestChanged>1</BestChanged>
    <StepDuration>3432</StepDuration>
    <StepSpeed>14.569</StepSpeed>
  </Step>
  <Step index="6">
    <RandomizerValueHighest>6.467</RandomizerValueHighest>
    <BestCreationType>Cross Row Half</BestCreationType>
    <BestChanged>1</BestChanged>
    <StepDuration>3057</StepDuration>
    <StepSpeed>16.356</StepSpeed>
  </Step>
  <Step index="7">
    <RandomizerValueHighest>7.400</RandomizerValueHighest>
    <BestCreationType>Cross Row Half</BestCreationType>
    <BestChanged>1</BestChanged>
    <StepDuration>2871</StepDuration>
    <StepSpeed>17.416</StepSpeed>
  </Step>
  <Step index="8">
    <RandomizerValueHighest>8.333</RandomizerValueHighest>
    <BestCreationType>Mutation Swap</BestCreationType>
    <BestChanged>1</BestChanged>
    <StepDuration>3166</StepDuration>
    <StepSpeed>15.793</StepSpeed>
  </Step>
  <Step index="9">
    <RandomizerValueHighest>9.800</RandomizerValueHighest>
    <BestCreationType>Cross Col</BestCreationType>
    <BestChanged>1</BestChanged>
    <StepDuration>3027</StepDuration>
    <StepSpeed>16.518</StepSpeed>
  </Step>
  <Step index="10">
    <RandomizerValueHighest>10.800</RandomizerValueHighest>
    <BestCreationType>Cross Col</BestCreationType>
    <BestChanged>1</BestChanged>
    <StepDuration>3307</StepDuration>
    <StepSpeed>15.119</StepSpeed>
  </Step>
  <Step index="11">
    <RandomizerValueHighest>12.067</RandomizerValueHighest>
    <BestCreationType>Mutation Swap</BestCreationType>
    <BestChanged>1</BestChanged>
    <StepDuration>2933</StepDuration>
    <StepSpeed>17.047</StepSpeed>
  </Step>
  <Step index="12">
    <RandomizerValueHighest>12.867</RandomizerValueHighest>
    <BestCreationType>Mutation Swap</BestCreationType>
    <BestChanged>1</BestChanged>
    <StepDuration>2948</StepDuration>
    <StepSpeed>16.961</StepSpeed>
  </Step>
  <Step index="13">
    <RandomizerValueHighest>13.533</RandomizerValueHighest>
    <BestCreationType>Mutation Swap</BestCreationType>
    <BestChanged>1</BestChanged>
    <StepDuration>3042</StepDuration>
    <StepSpeed>16.437</StepSpeed>
  </Step>
  <Step index="14">
    <RandomizerValueHighest>14.300</RandomizerValueHighest>
    <BestCreationType>Cross Row Half</BestCreationType>
    <BestChanged>1</BestChanged>
    <StepDuration>2964</StepDuration>
    <StepSpeed>16.869</StepSpeed>
  </Step>
  <Step index="15">
    <RandomizerValueHighest>15.267</RandomizerValueHighest>
    <BestCreationType>Mutation Swap</BestCreationType>
    <BestChanged>1</BestChanged>
    <StepDuration>3042</StepDuration>
    <StepSpeed>16.437</StepSpeed>
  </Step>
  <Step index="16">
    <RandomizerValueHighest>16.900</RandomizerValueHighest>
    <BestCreationType>Cross Col</BestCreationType>
    <BestChanged>1</BestChanged>
    <StepDuration>3152</StepDuration>
    <StepSpeed>15.863</StepSpeed>
  </Step>
  <Step index="17">
    <RandomizerValueHighest>17.767</RandomizerValueHighest>
    <BestCreationType>Mutation Swap</BestCreationType>
    <BestChanged>1</BestChanged>
    <StepDuration>3042</StepDuration>
    <StepSpeed>16.437</StepSpeed>
  </Step>
  <Step index="18">
    <RandomizerValueHighest>18.400</RandomizerValueHighest>
    <BestCreationType>Mutation Swap</BestCreationType>
    <BestChanged>1</BestChanged>
    <StepDuration>2886</StepDuration>
    <StepSpeed>17.325</StepSpeed>
  </Step>
  <Step index="19">
    <RandomizerValueHighest>19.067</RandomizerValueHighest>
    <BestCreationType>Mutation Swap</BestCreationType>
    <BestChanged>1</BestChanged>
    <StepDuration>3042</StepDuration>
    <StepSpeed>16.437</StepSpeed>
  </Step>
  <Step index="20">
    <RandomizerValueHighest>20.067</RandomizerValueHighest>
    <BestCreationType>Cross Row Half</BestCreationType>
    <BestChanged>1</BestChanged>
    <StepDuration>2839</StepDuration>
    <StepSpeed>17.612</StepSpeed>
  </Step>
  <Step index="21">
    <RandomizerValueHighest>20.567</RandomizerValueHighest>
    <BestCreationType>Mutation Swap</BestCreationType>
    <BestChanged>1</BestChanged>
    <StepDuration>2917</StepDuration>
    <StepSpeed>17.141</StepSpeed>
  </Step>
  <Step index="22">
    <RandomizerValueHighest>21.500</RandomizerValueHighest>
    <BestCreationType>Mutation Swap</BestCreationType>
    <BestChanged>1</BestChanged>
    <StepDuration>3151</StepDuration>
    <StepSpeed>15.868</StepSpeed>
  </Step>
  <Step index="23">
    <RandomizerValueHighest>22.233</RandomizerValueHighest>
    <BestCreationType>Mutation Swap</BestCreationType>
    <BestChanged>1</BestChanged>
    <StepDuration>3105</StepDuration>
    <StepSpeed>16.103</StepSpeed>
  </Step>
  <Step index="24">
    <RandomizerValueHighest>22.967</RandomizerValueHighest>
    <BestCreationType>Mutation Swap</BestCreationType>
    <BestChanged>1</BestChanged>
    <StepDuration>3167</StepDuration>
    <StepSpeed>15.788</StepSpeed>
  </Step>
  <Step index="25">
    <RandomizerValueHighest>23.567</RandomizerValueHighest>
    <BestCreationType>Mutation Swap</BestCreationType>
    <BestChanged>1</BestChanged>
    <StepDuration>2917</StepDuration>
    <StepSpeed>17.141</StepSpeed>
  </Step>
  <Step index="26">
    <RandomizerValueHighest>23.967</RandomizerValueHighest>
    <BestCreationType>Mutation Swap</BestCreationType>
    <BestChanged>1</BestChanged>
    <StepDuration>3323</StepDuration>
    <StepSpeed>15.047</StepSpeed>
  </Step>
  <Step index="27">
    <RandomizerValueHighest>24.967</RandomizerValueHighest>
    <BestCreationType>Mutation Swap</BestCreationType>
    <BestChanged>1</BestChanged>
    <StepDuration>3447</StepDuration>
    <StepSpeed>14.505</StepSpeed>
  </Step>
  <Step index="28">
    <RandomizerValueHighest>25.267</RandomizerValueHighest>
    <BestCreationType>Mutation Fill</BestCreationType>
    <BestChanged>1</BestChanged>
    <StepDuration>2949</StepDuration>
    <StepSpeed>16.955</StepSpeed>
  </Step>
  <Step index="29">
    <RandomizerValueHighest>25.900</RandomizerValueHighest>
    <BestCreationType>Mutation Swap</BestCreationType>
    <BestChanged>1</BestChanged>
    <StepDuration>3010</StepDuration>
    <StepSpeed>16.611</StepSpeed>
  </Step>
  <Step index="30">
    <RandomizerValueHighest>26.667</RandomizerValueHighest>
    <BestCreationType>Mutation Swap</BestCreationType>
    <BestChanged>1</BestChanged>
    <StepDuration>3058</StepDuration>
    <StepSpeed>16.351</StepSpeed>
  </Step>
  <Step index="31">
    <RandomizerValueHighest>27.567</RandomizerValueHighest>
    <BestCreationType>Cross Row Half</BestCreationType>
    <BestChanged>1</BestChanged>
    <StepDuration>3198</StepDuration>
    <StepSpeed>15.635</StepSpeed>
  </Step>
  <Step index="32">
    <RandomizerValueHighest>28.167</RandomizerValueHighest>
    <BestCreationType>Mutation Swap</BestCreationType>
    <BestChanged>1</BestChanged>
    <StepDuration>2808</StepDuration>
    <StepSpeed>17.806</StepSpeed>
  </Step>
  <Step index="33">
    <RandomizerValueHighest>28.833</RandomizerValueHighest>
    <BestCreationType>Mutation Swap</BestCreationType>
    <BestChanged>1</BestChanged>
    <StepDuration>3214</StepDuration>
    <StepSpeed>15.557</StepSpeed>
  </Step>
  <Step index="34">
    <RandomizerValueHighest>29.200</RandomizerValueHighest>
    <BestCreationType>Mutation Swap</BestCreationType>
    <BestChanged>1</BestChanged>
    <StepDuration>2917</StepDuration>
    <StepSpeed>17.141</StepSpeed>
  </Step>
  <Step index="35">
    <RandomizerValueHighest>29.867</RandomizerValueHighest>
    <BestCreationType>Mutation Swap</BestCreationType>
    <BestChanged>1</BestChanged>
    <StepDuration>2824</StepDuration>
    <StepSpeed>17.705</StepSpeed>
  </Step>
  <Step index="36">
    <RandomizerValueHighest>30.867</RandomizerValueHighest>
    <BestCreationType>Cross Row Half</BestCreationType>
    <BestChanged>1</BestChanged>
    <StepDuration>2979</StepDuration>
    <StepSpeed>16.784</StepSpeed>
  </Step>
  <Step index="37">
    <RandomizerValueHighest>31.633</RandomizerValueHighest>
    <BestCreationType>Cross Col</BestCreationType>
    <BestChanged>1</BestChanged>
    <StepDuration>2917</StepDuration>
    <StepSpeed>17.141</StepSpeed>
  </Step>
  <Step index="38">
    <RandomizerValueHighest>32.067</RandomizerValueHighest>
    <BestCreationType>Mutation Fill</BestCreationType>
    <BestChanged>1</BestChanged>
    <StepDuration>3089</StepDuration>
    <StepSpeed>16.186</StepSpeed>
  </Step>
  <Step index="39">
    <RandomizerValueHighest>32.933</RandomizerValueHighest>
    <BestCreationType>Mutation Swap</BestCreationType>
    <BestChanged>1</BestChanged>
    <StepDuration>3307</StepDuration>
    <StepSpeed>15.119</StepSpeed>
  </Step>
  <Step index="40">
    <RandomizerValueHighest>33.433</RandomizerValueHighest>
    <BestCreationType>Mutation Swap</BestCreationType>
    <BestChanged>1</BestChanged>
    <StepDuration>3245</StepDuration>
    <StepSpeed>15.408</StepSpeed>
  </Step>
</History>
</LMRMEARandomizerState>
