<?xml version="1.0"?>
<LMRMEAState fileVersion="1">
<Basic>
  <Step>76</Step>
  <EARandUniform>273741</EARandUniform>
  <EARandGauss>0</EARandGauss>
  <TickTotal>0</TickTotal>
  <EAIndividualID>3018</EAIndividualID>
  <TaskRunProcessCount>0</TaskRunProcessCount>
  <MtbExporterProcessCount>0</MtbExporterProcessCount>
</Basic>
<Population count="50">
  <EAIndividual ID="3015">
    <CreationType>Mutation Fill</CreationType>
  </EAIndividual>
  <EAIndividual ID="2864">
    <CreationType>Cross Row Half</CreationType>
  </EAIndividual>
  <EAIndividual ID="2879">
    <CreationType>Cross Row Half</CreationType>
  </EAIndividual>
  <EAIndividual ID="2919">
    <CreationType>Mutation Fill</CreationType>
  </EAIndividual>
  <EAIndividual ID="2941">
    <CreationType>Mutation Fill</CreationType>
  </EAIndividual>
  <EAIndividual ID="2950">
    <CreationType>Cross Row Random</CreationType>
  </EAIndividual>
  <EAIndividual ID="2951">
    <CreationType>Mutation Fill</CreationType>
  </EAIndividual>
  <EAIndividual ID="2958">
    <CreationType>Cross Row Random</CreationType>
  </EAIndividual>
  <EAIndividual ID="2963">
    <CreationType>Cross Row Half</CreationType>
  </EAIndividual>
  <EAIndividual ID="2968">
    <CreationType>Mutation Fill</CreationType>
  </EAIndividual>
  <EAIndividual ID="2977">
    <CreationType>Mutation Fill</CreationType>
  </EAIndividual>
  <EAIndividual ID="2979">
    <CreationType>Mutation Fill</CreationType>
  </EAIndividual>
  <EAIndividual ID="2984">
    <CreationType>Mutation Fill</CreationType>
  </EAIndividual>
  <EAIndividual ID="2985">
    <CreationType>Cross Row Random</CreationType>
  </EAIndividual>
  <EAIndividual ID="2986">
    <CreationType>Cross Row Random</CreationType>
  </EAIndividual>
  <EAIndividual ID="2987">
    <CreationType>Mutation Fill</CreationType>
  </EAIndividual>
  <EAIndividual ID="2988">
    <CreationType>Mutation Fill</CreationType>
  </EAIndividual>
  <EAIndividual ID="2991">
    <CreationType>Mutation Fill</CreationType>
  </EAIndividual>
  <EAIndividual ID="2992">
    <CreationType>Cross Row Half</CreationType>
  </EAIndividual>
  <EAIndividual ID="2994">
    <CreationType>Mutation Fill</CreationType>
  </EAIndividual>
  <EAIndividual ID="2996">
    <CreationType>Mutation Fill</CreationType>
  </EAIndividual>
  <EAIndividual ID="2998">
    <CreationType>Cross Row Half</CreationType>
  </EAIndividual>
  <EAIndividual ID="2999">
    <CreationType>Cross Row Half</CreationType>
  </EAIndividual>
  <EAIndividual ID="3002">
    <CreationType>Cross Row Random</CreationType>
  </EAIndividual>
  <EAIndividual ID="3003">
    <CreationType>Cross Row Random</CreationType>
  </EAIndividual>
  <EAIndividual ID="3004">
    <CreationType>Cross Row Half</CreationType>
  </EAIndividual>
  <EAIndividual ID="3005">
    <CreationType>Cross Row Half</CreationType>
  </EAIndividual>
  <EAIndividual ID="3006">
    <CreationType>Mutation Fill</CreationType>
  </EAIndividual>
  <EAIndividual ID="3007">
    <CreationType>Mutation Fill</CreationType>
  </EAIndividual>
  <EAIndividual ID="3008">
    <CreationType>Cross Row Random</CreationType>
  </EAIndividual>
  <EAIndividual ID="3009">
    <CreationType>Cross Row Random</CreationType>
  </EAIndividual>
  <EAIndividual ID="3010">
    <CreationType>Mutation Fill</CreationType>
  </EAIndividual>
  <EAIndividual ID="3013">
    <CreationType>Mutation Fill</CreationType>
  </EAIndividual>
  <EAIndividual ID="3014">
    <CreationType>Mutation Fill</CreationType>
  </EAIndividual>
  <EAIndividual ID="3016">
    <CreationType>Cross Row Half</CreationType>
  </EAIndividual>
  <EAIndividual ID="3017">
    <CreationType>Cross Row Half</CreationType>
  </EAIndividual>
  <EAIndividual ID="3011">
    <CreationType>Mutation Fill</CreationType>
  </EAIndividual>
  <EAIndividual ID="2993">
    <CreationType>Cross Row Half</CreationType>
  </EAIndividual>
  <EAIndividual ID="2995">
    <CreationType>Mutation Fill</CreationType>
  </EAIndividual>
  <EAIndividual ID="2990">
    <CreationType>Mutation Swap</CreationType>
  </EAIndividual>
  <EAIndividual ID="2989">
    <CreationType>Mutation Fill</CreationType>
  </EAIndividual>
  <EAIndividual ID="2997">
    <CreationType>Mutation Fill</CreationType>
  </EAIndividual>
  <EAIndividual ID="3012">
    <CreationType>Mutation Fill</CreationType>
  </EAIndividual>
  <EAIndividual ID="3001">
    <CreationType>Mutation Swap</CreationType>
  </EAIndividual>
  <EAIndividual ID="3000">
    <CreationType>Mutation Fill</CreationType>
  </EAIndividual>
  <EAIndividual ID="1">
    <CreationType>Data Preset</CreationType>
  </EAIndividual>
  <EAIndividual ID="3">
    <CreationType>Data Preset</CreationType>
  </EAIndividual>
  <EAIndividual ID="2">
    <CreationType>Data Preset</CreationType>
  </EAIndividual>
  <EAIndividual ID="5">
    <CreationType>Data Preset</CreationType>
  </EAIndividual>
  <EAIndividual ID="4">
    <CreationType>Data Preset</CreationType>
  </EAIndividual>
  </Population>
<OperationCount>
  <CrossoverCount>0</CrossoverCount>
  <MutationCount>0</MutationCount>
  <BreedCount>0</BreedCount>
  <ReproductionCount>6</ReproductionCount>
  <CrossoverColumnCount>0</CrossoverColumnCount>
  <CrossoverRowCount>0</CrossoverRowCount>
  <CrossoverRowRandomCount>0</CrossoverRowRandomCount>
  <CrossoverRowHalfCount>0</CrossoverRowHalfCount>
  <MutationSwapCount>0</MutationSwapCount>
  <MutationNewCount>0</MutationNewCount>
</OperationCount>
<Statistics>
  <TickInit>0</TickInit>
  <TickDBPrepare>0</TickDBPrepare>
  <TickLaunchExternal>0</TickLaunchExternal>
  <TickResultImport>0</TickResultImport>
  <TickDBRemove>0</TickDBRemove>
  <TickEA>0</TickEA>
  <TickBitStringCache>0</TickBitStringCache>
  <CreationType>
    <Individual creationType="Random">
      <Create>0</Create>
      <Remove>0</Remove>
      <Best>0</Best>
      <Parent>0</Parent>
      <Reproduction>0</Reproduction>
  </Individual>
    <Individual creationType="Cross Col">
      <Create>0</Create>
      <Remove>0</Remove>
      <Best>0</Best>
      <Parent>0</Parent>
      <Reproduction>0</Reproduction>
  </Individual>
    <Individual creationType="Cross Row Random">
      <Create>398</Create>
      <Remove>390</Remove>
      <Best>2</Best>
      <Parent>177</Parent>
      <Reproduction>33</Reproduction>
  </Individual>
    <Individual creationType="Cross Row Half">
      <Create>734</Create>
      <Remove>723</Remove>
      <Best>5</Best>
      <Parent>353</Parent>
      <Reproduction>71</Reproduction>
  </Individual>
    <Individual creationType="Mutation Swap">
      <Create>65</Create>
      <Remove>63</Remove>
      <Best>0</Best>
      <Parent>46</Parent>
      <Reproduction>22</Reproduction>
  </Individual>
    <Individual creationType="Mutation Fill">
      <Create>1384</Create>
      <Remove>1360</Remove>
      <Best>19</Best>
      <Parent>980</Parent>
      <Reproduction>167</Reproduction>
  </Individual>
    <Individual creationType="Breeding">
      <Create>431</Create>
      <Remove>431</Remove>
      <Best>42</Best>
      <Parent>1518</Parent>
      <Reproduction>209</Reproduction>
  </Individual>
    <Individual creationType="Data Preset">
      <Create>5</Create>
      <Remove>0</Remove>
      <Best>0</Best>
      <Parent>369</Parent>
      <Reproduction>375</Reproduction>
  </Individual>
    <Individual creationType="Restored">
      <Create>0</Create>
      <Remove>0</Remove>
      <Best>0</Best>
      <Parent>0</Parent>
      <Reproduction>0</Reproduction>
  </Individual>
  </CreationType>
</Statistics>
<History>
  <Step index="1">
    <FitnessBest>3.537</FitnessBest>
    <FitnessWorst>27.100</FitnessWorst>
    <BestCreationType>Mutation Fill</BestCreationType>
    <BestChanged>1</BestChanged>
    <StepDuration>20561</StepDuration>
    <StepSpeed>2.432</StepSpeed>
  </Step>
  <Step index="2">
    <FitnessBest>3.364</FitnessBest>
    <FitnessWorst>27.100</FitnessWorst>
    <BestCreationType>Breeding</BestCreationType>
    <BestChanged>1</BestChanged>
    <StepDuration>15802</StepDuration>
    <StepSpeed>3.164</StepSpeed>
  </Step>
  <Step index="3">
    <FitnessBest>3.336</FitnessBest>
    <FitnessWorst>27.100</FitnessWorst>
    <BestCreationType>Breeding</BestCreationType>
    <BestChanged>1</BestChanged>
    <StepDuration>15975</StepDuration>
    <StepSpeed>3.130</StepSpeed>
  </Step>
  <Step index="4">
    <FitnessBest>3.196</FitnessBest>
    <FitnessWorst>27.100</FitnessWorst>
    <BestCreationType>Breeding</BestCreationType>
    <BestChanged>1</BestChanged>
    <StepDuration>17191</StepDuration>
    <StepSpeed>2.908</StepSpeed>
  </Step>
  <Step index="5">
    <FitnessBest>3.161</FitnessBest>
    <FitnessWorst>27.100</FitnessWorst>
    <BestCreationType>Breeding</BestCreationType>
    <BestChanged>1</BestChanged>
    <StepDuration>17363</StepDuration>
    <StepSpeed>2.880</StepSpeed>
  </Step>
  <Step index="6">
    <FitnessBest>3.077</FitnessBest>
    <FitnessWorst>27.100</FitnessWorst>
    <BestCreationType>Mutation Fill</BestCreationType>
    <BestChanged>1</BestChanged>
    <StepDuration>16536</StepDuration>
    <StepSpeed>3.024</StepSpeed>
  </Step>
  <Step index="7">
    <FitnessBest>3.003</FitnessBest>
    <FitnessWorst>27.100</FitnessWorst>
    <BestCreationType>Cross Row Half</BestCreationType>
    <BestChanged>1</BestChanged>
    <StepDuration>22683</StepDuration>
    <StepSpeed>2.204</StepSpeed>
  </Step>
  <Step index="8">
    <FitnessBest>2.893</FitnessBest>
    <FitnessWorst>27.100</FitnessWorst>
    <BestCreationType>Cross Row Random</BestCreationType>
    <BestChanged>1</BestChanged>
    <StepDuration>17612</StepDuration>
    <StepSpeed>2.839</StepSpeed>
  </Step>
  <Step index="9">
    <FitnessBest>2.806</FitnessBest>
    <FitnessWorst>27.100</FitnessWorst>
    <BestCreationType>Cross Row Half</BestCreationType>
    <BestChanged>1</BestChanged>
    <StepDuration>17691</StepDuration>
    <StepSpeed>2.826</StepSpeed>
  </Step>
  <Step index="10">
    <FitnessBest>2.707</FitnessBest>
    <FitnessWorst>27.100</FitnessWorst>
    <BestCreationType>Breeding</BestCreationType>
    <BestChanged>1</BestChanged>
    <StepDuration>17394</StepDuration>
    <StepSpeed>2.875</StepSpeed>
  </Step>
  <Step index="11">
    <FitnessBest>2.630</FitnessBest>
    <FitnessWorst>27.100</FitnessWorst>
    <BestCreationType>Breeding</BestCreationType>
    <BestChanged>1</BestChanged>
    <StepDuration>18377</StepDuration>
    <StepSpeed>2.721</StepSpeed>
  </Step>
  <Step index="12">
    <FitnessBest>2.613</FitnessBest>
    <FitnessWorst>27.100</FitnessWorst>
    <BestCreationType>Breeding</BestCreationType>
    <BestChanged>1</BestChanged>
    <StepDuration>17347</StepDuration>
    <StepSpeed>2.882</StepSpeed>
  </Step>
  <Step index="13">
    <FitnessBest>2.586</FitnessBest>
    <FitnessWorst>27.100</FitnessWorst>
    <BestCreationType>Mutation Fill</BestCreationType>
    <BestChanged>1</BestChanged>
    <StepDuration>17457</StepDuration>
    <StepSpeed>2.864</StepSpeed>
  </Step>
  <Step index="14">
    <FitnessBest>2.544</FitnessBest>
    <FitnessWorst>27.100</FitnessWorst>
    <BestCreationType>Breeding</BestCreationType>
    <BestChanged>1</BestChanged>
    <StepDuration>16317</StepDuration>
    <StepSpeed>3.064</StepSpeed>
  </Step>
  <Step index="15">
    <FitnessBest>2.493</FitnessBest>
    <FitnessWorst>27.100</FitnessWorst>
    <BestCreationType>Breeding</BestCreationType>
    <BestChanged>1</BestChanged>
    <StepDuration>16427</StepDuration>
    <StepSpeed>3.044</StepSpeed>
  </Step>
  <Step index="16">
    <FitnessBest>2.421</FitnessBest>
    <FitnessWorst>27.100</FitnessWorst>
    <BestCreationType>Breeding</BestCreationType>
    <BestChanged>1</BestChanged>
    <StepDuration>17597</StepDuration>
    <StepSpeed>2.841</StepSpeed>
  </Step>
  <Step index="17">
    <FitnessBest>2.342</FitnessBest>
    <FitnessWorst>27.100</FitnessWorst>
    <BestCreationType>Breeding</BestCreationType>
    <BestChanged>1</BestChanged>
    <StepDuration>17847</StepDuration>
    <StepSpeed>2.802</StepSpeed>
  </Step>
  <Step index="18">
    <FitnessBest>2.197</FitnessBest>
    <FitnessWorst>27.100</FitnessWorst>
    <BestCreationType>Cross Row Half</BestCreationType>
    <BestChanged>1</BestChanged>
    <StepDuration>16255</StepDuration>
    <StepSpeed>3.076</StepSpeed>
  </Step>
  <Step index="19">
    <FitnessBest>2.143</FitnessBest>
    <FitnessWorst>27.100</FitnessWorst>
    <BestCreationType>Cross Row Random</BestCreationType>
    <BestChanged>1</BestChanged>
    <StepDuration>17737</StepDuration>
    <StepSpeed>2.819</StepSpeed>
  </Step>
  <Step index="20">
    <FitnessBest>2.106</FitnessBest>
    <FitnessWorst>27.100</FitnessWorst>
    <BestCreationType>Mutation Fill</BestCreationType>
    <BestChanged>1</BestChanged>
    <StepDuration>16240</StepDuration>
    <StepSpeed>3.079</StepSpeed>
  </Step>
  <Step index="21">
    <FitnessBest>2.049</FitnessBest>
    <FitnessWorst>27.100</FitnessWorst>
    <BestCreationType>Breeding</BestCreationType>
    <BestChanged>1</BestChanged>
    <StepDuration>16099</StepDuration>
    <StepSpeed>3.106</StepSpeed>
  </Step>
  <Step index="22">
    <FitnessBest>2.001</FitnessBest>
    <FitnessWorst>27.100</FitnessWorst>
    <BestCreationType>Breeding</BestCreationType>
    <BestChanged>1</BestChanged>
    <StepDuration>17753</StepDuration>
    <StepSpeed>2.816</StepSpeed>
  </Step>
  <Step index="23">
    <FitnessBest>1.950</FitnessBest>
    <FitnessWorst>27.100</FitnessWorst>
    <BestCreationType>Breeding</BestCreationType>
    <BestChanged>1</BestChanged>
    <StepDuration>17691</StepDuration>
    <StepSpeed>2.826</StepSpeed>
  </Step>
  <Step index="24">
    <FitnessBest>1.868</FitnessBest>
    <FitnessWorst>27.100</FitnessWorst>
    <BestCreationType>Mutation Fill</BestCreationType>
    <BestChanged>1</BestChanged>
    <StepDuration>17238</StepDuration>
    <StepSpeed>2.901</StepSpeed>
  </Step>
  <Step index="25">
    <FitnessBest>1.820</FitnessBest>
    <FitnessWorst>27.100</FitnessWorst>
    <BestCreationType>Breeding</BestCreationType>
    <BestChanged>1</BestChanged>
    <StepDuration>18236</StepDuration>
    <StepSpeed>2.742</StepSpeed>
  </Step>
  <Step index="26">
    <FitnessBest>1.585</FitnessBest>
    <FitnessWorst>27.100</FitnessWorst>
    <BestCreationType>Breeding</BestCreationType>
    <BestChanged>1</BestChanged>
    <StepDuration>17207</StepDuration>
    <StepSpeed>2.906</StepSpeed>
  </Step>
  <Step index="27">
    <FitnessBest>1.542</FitnessBest>
    <FitnessWorst>27.100</FitnessWorst>
    <BestCreationType>Breeding</BestCreationType>
    <BestChanged>1</BestChanged>
    <StepDuration>16942</StepDuration>
    <StepSpeed>2.951</StepSpeed>
  </Step>
  <Step index="28">
    <FitnessBest>1.397</FitnessBest>
    <FitnessWorst>27.100</FitnessWorst>
    <BestCreationType>Breeding</BestCreationType>
    <BestChanged>1</BestChanged>
    <StepDuration>16926</StepDuration>
    <StepSpeed>2.954</StepSpeed>
  </Step>
  <Step index="29">
    <FitnessBest>1.373</FitnessBest>
    <FitnessWorst>27.100</FitnessWorst>
    <BestCreationType>Breeding</BestCreationType>
    <BestChanged>1</BestChanged>
    <StepDuration>17503</StepDuration>
    <StepSpeed>2.857</StepSpeed>
  </Step>
  <Step index="30">
    <FitnessBest>1.308</FitnessBest>
    <FitnessWorst>27.100</FitnessWorst>
    <BestCreationType>Breeding</BestCreationType>
    <BestChanged>1</BestChanged>
    <StepDuration>17270</StepDuration>
    <StepSpeed>2.895</StepSpeed>
  </Step>
  <Step index="31">
    <FitnessBest>1.286</FitnessBest>
    <FitnessWorst>27.100</FitnessWorst>
    <BestCreationType>Breeding</BestCreationType>
    <BestChanged>1</BestChanged>
    <StepDuration>16676</StepDuration>
    <StepSpeed>2.998</StepSpeed>
  </Step>
  <Step index="32">
    <FitnessBest>1.270</FitnessBest>
    <FitnessWorst>27.100</FitnessWorst>
    <BestCreationType>Mutation Fill</BestCreationType>
    <BestChanged>1</BestChanged>
    <StepDuration>17363</StepDuration>
    <StepSpeed>2.880</StepSpeed>
  </Step>
  <Step index="33">
    <FitnessBest>1.204</FitnessBest>
    <FitnessWorst>27.100</FitnessWorst>
    <BestCreationType>Breeding</BestCreationType>
    <BestChanged>1</BestChanged>
    <StepDuration>17176</StepDuration>
    <StepSpeed>2.911</StepSpeed>
  </Step>
  <Step index="34">
    <FitnessBest>1.171</FitnessBest>
    <FitnessWorst>27.100</FitnessWorst>
    <BestCreationType>Breeding</BestCreationType>
    <BestChanged>1</BestChanged>
    <StepDuration>17519</StepDuration>
    <StepSpeed>2.854</StepSpeed>
  </Step>
  <Step index="35">
    <FitnessBest>1.135</FitnessBest>
    <FitnessWorst>27.100</FitnessWorst>
    <BestCreationType>Breeding</BestCreationType>
    <BestChanged>1</BestChanged>
    <StepDuration>17940</StepDuration>
    <StepSpeed>2.787</StepSpeed>
  </Step>
  <Step index="36">
    <FitnessBest>1.016</FitnessBest>
    <FitnessWorst>27.100</FitnessWorst>
    <BestCreationType>Breeding</BestCreationType>
    <BestChanged>1</BestChanged>
    <StepDuration>17269</StepDuration>
    <StepSpeed>2.895</StepSpeed>
  </Step>
  <Step index="37">
    <FitnessBest>0.969</FitnessBest>
    <FitnessWorst>27.100</FitnessWorst>
    <BestCreationType>Mutation Fill</BestCreationType>
    <BestChanged>1</BestChanged>
    <StepDuration>17036</StepDuration>
    <StepSpeed>2.935</StepSpeed>
  </Step>
  <Step index="38">
    <FitnessBest>0.938</FitnessBest>
    <FitnessWorst>27.100</FitnessWorst>
    <BestCreationType>Breeding</BestCreationType>
    <BestChanged>1</BestChanged>
    <StepDuration>16988</StepDuration>
    <StepSpeed>2.943</StepSpeed>
  </Step>
  <Step index="39">
    <FitnessBest>0.796</FitnessBest>
    <FitnessWorst>27.100</FitnessWorst>
    <BestCreationType>Mutation Fill</BestCreationType>
    <BestChanged>1</BestChanged>
    <StepDuration>17831</StepDuration>
    <StepSpeed>2.804</StepSpeed>
  </Step>
  <Step index="40">
    <FitnessBest>0.769</FitnessBest>
    <FitnessWorst>27.100</FitnessWorst>
    <BestCreationType>Mutation Fill</BestCreationType>
    <BestChanged>1</BestChanged>
    <StepDuration>16661</StepDuration>
    <StepSpeed>3.001</StepSpeed>
  </Step>
  <Step index="41">
    <FitnessBest>0.722</FitnessBest>
    <FitnessWorst>27.100</FitnessWorst>
    <BestCreationType>Breeding</BestCreationType>
    <BestChanged>1</BestChanged>
    <StepDuration>19578</StepDuration>
    <StepSpeed>2.554</StepSpeed>
  </Step>
  <Step index="42">
    <FitnessBest>0.630</FitnessBest>
    <FitnessWorst>27.100</FitnessWorst>
    <BestCreationType>Breeding</BestCreationType>
    <BestChanged>1</BestChanged>
    <StepDuration>19547</StepDuration>
    <StepSpeed>2.558</StepSpeed>
  </Step>
  <Step index="43">
    <FitnessBest>0.605</FitnessBest>
    <FitnessWorst>27.100</FitnessWorst>
    <BestCreationType>Breeding</BestCreationType>
    <BestChanged>1</BestChanged>
    <StepDuration>18065</StepDuration>
    <StepSpeed>2.768</StepSpeed>
  </Step>
  <Step index="44">
    <FitnessBest>0.577</FitnessBest>
    <FitnessWorst>27.100</FitnessWorst>
    <BestCreationType>Breeding</BestCreationType>
    <BestChanged>1</BestChanged>
    <StepDuration>18424</StepDuration>
    <StepSpeed>2.714</StepSpeed>
  </Step>
  <Step index="45">
    <FitnessBest>0.566</FitnessBest>
    <FitnessWorst>27.100</FitnessWorst>
    <BestCreationType>Breeding</BestCreationType>
    <BestChanged>1</BestChanged>
    <StepDuration>16707</StepDuration>
    <StepSpeed>2.993</StepSpeed>
  </Step>
  <Step index="46">
    <FitnessBest>0.550</FitnessBest>
    <FitnessWorst>27.100</FitnessWorst>
    <BestCreationType>Breeding</BestCreationType>
    <BestChanged>1</BestChanged>
    <StepDuration>17379</StepDuration>
    <StepSpeed>2.877</StepSpeed>
  </Step>
  <Step index="47">
    <FitnessBest>0.517</FitnessBest>
    <FitnessWorst>27.100</FitnessWorst>
    <BestCreationType>Breeding</BestCreationType>
    <BestChanged>1</BestChanged>
    <StepDuration>17269</StepDuration>
    <StepSpeed>2.895</StepSpeed>
  </Step>
  <Step index="48">
    <FitnessBest>0.453</FitnessBest>
    <FitnessWorst>27.100</FitnessWorst>
    <BestCreationType>Mutation Fill</BestCreationType>
    <BestChanged>1</BestChanged>
    <StepDuration>16443</StepDuration>
    <StepSpeed>3.041</StepSpeed>
  </Step>
  <Step index="49">
    <FitnessBest>0.347</FitnessBest>
    <FitnessWorst>27.100</FitnessWorst>
    <BestCreationType>Breeding</BestCreationType>
    <BestChanged>1</BestChanged>
    <StepDuration>18470</StepDuration>
    <StepSpeed>2.707</StepSpeed>
  </Step>
  <Step index="50">
    <FitnessBest>0.302</FitnessBest>
    <FitnessWorst>27.100</FitnessWorst>
    <BestCreationType>Breeding</BestCreationType>
    <BestChanged>1</BestChanged>
    <StepDuration>18580</StepDuration>
    <StepSpeed>2.691</StepSpeed>
  </Step>
  <Step index="51">
    <FitnessBest>0.273</FitnessBest>
    <FitnessWorst>27.100</FitnessWorst>
    <BestCreationType>Breeding</BestCreationType>
    <BestChanged>1</BestChanged>
    <StepDuration>17628</StepDuration>
    <StepSpeed>2.836</StepSpeed>
  </Step>
  <Step index="52">
    <FitnessBest>0.238</FitnessBest>
    <FitnessWorst>27.100</FitnessWorst>
    <BestCreationType>Breeding</BestCreationType>
    <BestChanged>1</BestChanged>
    <StepDuration>18268</StepDuration>
    <StepSpeed>2.737</StepSpeed>
  </Step>
  <Step index="53">
    <FitnessBest>0.214</FitnessBest>
    <FitnessWorst>27.100</FitnessWorst>
    <BestCreationType>Breeding</BestCreationType>
    <BestChanged>1</BestChanged>
    <StepDuration>17768</StepDuration>
    <StepSpeed>2.814</StepSpeed>
  </Step>
  <Step index="54">
    <FitnessBest>0.199</FitnessBest>
    <FitnessWorst>27.100</FitnessWorst>
    <BestCreationType>Mutation Fill</BestCreationType>
    <BestChanged>1</BestChanged>
    <StepDuration>18065</StepDuration>
    <StepSpeed>2.768</StepSpeed>
  </Step>
  <Step index="55">
    <FitnessBest>0.179</FitnessBest>
    <FitnessWorst>27.100</FitnessWorst>
    <BestCreationType>Breeding</BestCreationType>
    <BestChanged>1</BestChanged>
    <StepDuration>17129</StepDuration>
    <StepSpeed>2.919</StepSpeed>
  </Step>
  <Step index="56">
    <FitnessBest>0.127</FitnessBest>
    <FitnessWorst>27.100</FitnessWorst>
    <BestCreationType>Mutation Fill</BestCreationType>
    <BestChanged>1</BestChanged>
    <StepDuration>18330</StepDuration>
    <StepSpeed>2.728</StepSpeed>
  </Step>
  <Step index="57">
    <FitnessBest>0.079</FitnessBest>
    <FitnessWorst>27.100</FitnessWorst>
    <BestCreationType>Mutation Fill</BestCreationType>
    <BestChanged>1</BestChanged>
    <StepDuration>18751</StepDuration>
    <StepSpeed>2.667</StepSpeed>
  </Step>
  <Step index="58">
    <FitnessBest>0.061</FitnessBest>
    <FitnessWorst>27.100</FitnessWorst>
    <BestCreationType>Breeding</BestCreationType>
    <BestChanged>1</BestChanged>
    <StepDuration>18112</StepDuration>
    <StepSpeed>2.761</StepSpeed>
  </Step>
  <Step index="59">
    <FitnessBest>0.027</FitnessBest>
    <FitnessWorst>27.100</FitnessWorst>
    <BestCreationType>Breeding</BestCreationType>
    <BestChanged>1</BestChanged>
    <StepDuration>17753</StepDuration>
    <StepSpeed>2.816</StepSpeed>
  </Step>
  <Step index="60">
    <FitnessBest>0.013</FitnessBest>
    <FitnessWorst>27.100</FitnessWorst>
    <BestCreationType>Breeding</BestCreationType>
    <BestChanged>1</BestChanged>
    <StepDuration>17940</StepDuration>
    <StepSpeed>2.787</StepSpeed>
  </Step>
  <Step index="61">
    <FitnessBest>0.013</FitnessBest>
    <FitnessWorst>27.100</FitnessWorst>
    <BestCreationType>Breeding</BestCreationType>
    <BestChanged>0</BestChanged>
    <StepDuration>17488</StepDuration>
    <StepSpeed>2.859</StepSpeed>
  </Step>
  <Step index="62">
    <FitnessBest>0.010</FitnessBest>
    <FitnessWorst>27.100</FitnessWorst>
    <BestCreationType>Mutation Fill</BestCreationType>
    <BestChanged>1</BestChanged>
    <StepDuration>16068</StepDuration>
    <StepSpeed>3.112</StepSpeed>
  </Step>
  <Step index="63">
    <FitnessBest>0.010</FitnessBest>
    <FitnessWorst>27.100</FitnessWorst>
    <BestCreationType>Mutation Fill</BestCreationType>
    <BestChanged>0</BestChanged>
    <StepDuration>17082</StepDuration>
    <StepSpeed>2.927</StepSpeed>
  </Step>
  <Step index="64">
    <FitnessBest>0.009</FitnessBest>
    <FitnessWorst>27.100</FitnessWorst>
    <BestCreationType>Mutation Fill</BestCreationType>
    <BestChanged>1</BestChanged>
    <StepDuration>16833</StepDuration>
    <StepSpeed>2.970</StepSpeed>
  </Step>
  <Step index="65">
    <FitnessBest>0.005</FitnessBest>
    <FitnessWorst>27.100</FitnessWorst>
    <BestCreationType>Mutation Fill</BestCreationType>
    <BestChanged>1</BestChanged>
    <StepDuration>18470</StepDuration>
    <StepSpeed>2.707</StepSpeed>
  </Step>
  <Step index="66">
    <FitnessBest>0.003</FitnessBest>
    <FitnessWorst>27.100</FitnessWorst>
    <BestCreationType>Mutation Fill</BestCreationType>
    <BestChanged>1</BestChanged>
    <StepDuration>15772</StepDuration>
    <StepSpeed>3.170</StepSpeed>
  </Step>
  <Step index="67">
    <FitnessBest>0.003</FitnessBest>
    <FitnessWorst>27.100</FitnessWorst>
    <BestCreationType>Mutation Fill</BestCreationType>
    <BestChanged>0</BestChanged>
    <StepDuration>14867</StepDuration>
    <StepSpeed>3.363</StepSpeed>
  </Step>
  <Step index="68">
    <FitnessBest>0.003</FitnessBest>
    <FitnessWorst>27.100</FitnessWorst>
    <BestCreationType>Mutation Fill</BestCreationType>
    <BestChanged>0</BestChanged>
    <StepDuration>14757</StepDuration>
    <StepSpeed>3.388</StepSpeed>
  </Step>
  <Step index="69">
    <FitnessBest>0.003</FitnessBest>
    <FitnessWorst>27.100</FitnessWorst>
    <BestCreationType>Mutation Fill</BestCreationType>
    <BestChanged>0</BestChanged>
    <StepDuration>15351</StepDuration>
    <StepSpeed>3.257</StepSpeed>
  </Step>
  <Step index="70">
    <FitnessBest>0.002</FitnessBest>
    <FitnessWorst>27.100</FitnessWorst>
    <BestCreationType>Mutation Fill</BestCreationType>
    <BestChanged>1</BestChanged>
    <StepDuration>15148</StepDuration>
    <StepSpeed>3.301</StepSpeed>
  </Step>
  <Step index="71">
    <FitnessBest>0.001</FitnessBest>
    <FitnessWorst>27.100</FitnessWorst>
    <BestCreationType>Cross Row Half</BestCreationType>
    <BestChanged>1</BestChanged>
    <StepDuration>14851</StepDuration>
    <StepSpeed>3.367</StepSpeed>
  </Step>
  <Step index="72">
    <FitnessBest>0.001</FitnessBest>
    <FitnessWorst>27.100</FitnessWorst>
    <BestCreationType>Cross Row Half</BestCreationType>
    <BestChanged>1</BestChanged>
    <StepDuration>15179</StepDuration>
    <StepSpeed>3.294</StepSpeed>
  </Step>
  <Step index="73">
    <FitnessBest>0.001</FitnessBest>
    <FitnessWorst>27.100</FitnessWorst>
    <BestCreationType>Cross Row Half</BestCreationType>
    <BestChanged>0</BestChanged>
    <StepDuration>16442</StepDuration>
    <StepSpeed>3.041</StepSpeed>
  </Step>
  <Step index="74">
    <FitnessBest>0.001</FitnessBest>
    <FitnessWorst>27.100</FitnessWorst>
    <BestCreationType>Cross Row Half</BestCreationType>
    <BestChanged>0</BestChanged>
    <StepDuration>15741</StepDuration>
    <StepSpeed>3.176</StepSpeed>
  </Step>
  <Step index="75">
    <FitnessBest>0.001</FitnessBest>
    <FitnessWorst>27.100</FitnessWorst>
    <BestCreationType>Cross Row Half</BestCreationType>
    <BestChanged>0</BestChanged>
    <StepDuration>15491</StepDuration>
    <StepSpeed>3.228</StepSpeed>
  </Step>
  <Step index="76">
    <FitnessBest>0.000</FitnessBest>
    <FitnessWorst>27.100</FitnessWorst>
    <BestCreationType>Mutation Fill</BestCreationType>
    <BestChanged>1</BestChanged>
    <StepDuration>14508</StepDuration>
    <StepSpeed>3.446</StepSpeed>
  </Step>
</History>
</LMRMEAState>
