<?xml version="1.0"?>
<LMRMEAState fileVersion="1">
<Basic>
  <Step>10</Step>
  <EARandUniform>28941</EARandUniform>
  <EARandGauss>11165</EARandGauss>
  <TickTotal>0</TickTotal>
  <EAIndividualID>501</EAIndividualID>
  <TaskRunProcessCount>0</TaskRunProcessCount>
  <MtbExporterProcessCount>0</MtbExporterProcessCount>
</Basic>
<Population count="50">
  <EAIndividual ID="386">
    <CreationType>Mutation Fill</CreationType>
  </EAIndividual>
  <EAIndividual ID="421">
    <CreationType>Mutation Swap</CreationType>
  </EAIndividual>
  <EAIndividual ID="422">
    <CreationType>Mutation Fill</CreationType>
  </EAIndividual>
  <EAIndividual ID="428">
    <CreationType>Cross Row Half</CreationType>
  </EAIndividual>
  <EAIndividual ID="455">
    <CreationType>Mutation Swap</CreationType>
  </EAIndividual>
  <EAIndividual ID="456">
    <CreationType>Mutation Swap</CreationType>
  </EAIndividual>
  <EAIndividual ID="457">
    <CreationType>Mutation Fill</CreationType>
  </EAIndividual>
  <EAIndividual ID="458">
    <CreationType>Mutation Swap</CreationType>
  </EAIndividual>
  <EAIndividual ID="459">
    <CreationType>Mutation Fill</CreationType>
  </EAIndividual>
  <EAIndividual ID="460">
    <CreationType>Mutation Swap</CreationType>
  </EAIndividual>
  <EAIndividual ID="461">
    <CreationType>Mutation Swap</CreationType>
  </EAIndividual>
  <EAIndividual ID="462">
    <CreationType>Mutation Fill</CreationType>
  </EAIndividual>
  <EAIndividual ID="463">
    <CreationType>Mutation Swap</CreationType>
  </EAIndividual>
  <EAIndividual ID="464">
    <CreationType>Mutation Fill</CreationType>
  </EAIndividual>
  <EAIndividual ID="465">
    <CreationType>Mutation Fill</CreationType>
  </EAIndividual>
  <EAIndividual ID="466">
    <CreationType>Cross Row Half</CreationType>
  </EAIndividual>
  <EAIndividual ID="467">
    <CreationType>Cross Row Half</CreationType>
  </EAIndividual>
  <EAIndividual ID="468">
    <CreationType>Cross Row Half</CreationType>
  </EAIndividual>
  <EAIndividual ID="469">
    <CreationType>Cross Row Half</CreationType>
  </EAIndividual>
  <EAIndividual ID="470">
    <CreationType>Mutation Swap</CreationType>
  </EAIndividual>
  <EAIndividual ID="471">
    <CreationType>Cross Row Half</CreationType>
  </EAIndividual>
  <EAIndividual ID="472">
    <CreationType>Cross Row Half</CreationType>
  </EAIndividual>
  <EAIndividual ID="473">
    <CreationType>Mutation Fill</CreationType>
  </EAIndividual>
  <EAIndividual ID="474">
    <CreationType>Cross Row Half</CreationType>
  </EAIndividual>
  <EAIndividual ID="475">
    <CreationType>Cross Row Half</CreationType>
  </EAIndividual>
  <EAIndividual ID="476">
    <CreationType>Mutation Fill</CreationType>
  </EAIndividual>
  <EAIndividual ID="477">
    <CreationType>Mutation Swap</CreationType>
  </EAIndividual>
  <EAIndividual ID="478">
    <CreationType>Mutation Fill</CreationType>
  </EAIndividual>
  <EAIndividual ID="479">
    <CreationType>Mutation Fill</CreationType>
  </EAIndividual>
  <EAIndividual ID="480">
    <CreationType>Mutation Swap</CreationType>
  </EAIndividual>
  <EAIndividual ID="481">
    <CreationType>Mutation Swap</CreationType>
  </EAIndividual>
  <EAIndividual ID="482">
    <CreationType>Mutation Swap</CreationType>
  </EAIndividual>
  <EAIndividual ID="483">
    <CreationType>Mutation Swap</CreationType>
  </EAIndividual>
  <EAIndividual ID="484">
    <CreationType>Mutation Swap</CreationType>
  </EAIndividual>
  <EAIndividual ID="485">
    <CreationType>Mutation Fill</CreationType>
  </EAIndividual>
  <EAIndividual ID="486">
    <CreationType>Cross Row Half</CreationType>
  </EAIndividual>
  <EAIndividual ID="487">
    <CreationType>Cross Row Half</CreationType>
  </EAIndividual>
  <EAIndividual ID="488">
    <CreationType>Mutation Fill</CreationType>
  </EAIndividual>
  <EAIndividual ID="489">
    <CreationType>Mutation Fill</CreationType>
  </EAIndividual>
  <EAIndividual ID="490">
    <CreationType>Mutation Swap</CreationType>
  </EAIndividual>
  <EAIndividual ID="491">
    <CreationType>Cross Col</CreationType>
  </EAIndividual>
  <EAIndividual ID="492">
    <CreationType>Cross Col</CreationType>
  </EAIndividual>
  <EAIndividual ID="493">
    <CreationType>Mutation Swap</CreationType>
  </EAIndividual>
  <EAIndividual ID="494">
    <CreationType>Cross Row Half</CreationType>
  </EAIndividual>
  <EAIndividual ID="495">
    <CreationType>Cross Row Half</CreationType>
  </EAIndividual>
  <EAIndividual ID="496">
    <CreationType>Mutation Fill</CreationType>
  </EAIndividual>
  <EAIndividual ID="497">
    <CreationType>Cross Row Half</CreationType>
  </EAIndividual>
  <EAIndividual ID="498">
    <CreationType>Cross Row Half</CreationType>
  </EAIndividual>
  <EAIndividual ID="499">
    <CreationType>Cross Row Half</CreationType>
  </EAIndividual>
  <EAIndividual ID="500">
    <CreationType>Cross Row Half</CreationType>
  </EAIndividual>
  </Population>
<OperationCount>
  <CrossoverCount>9</CrossoverCount>
  <MutationCount>28</MutationCount>
  <BreedCount>0</BreedCount>
  <ReproductionCount>4</ReproductionCount>
  <CrossoverColumnCount>16</CrossoverColumnCount>
  <CrossoverRowCount>12</CrossoverRowCount>
  <CrossoverRowRandomCount>0</CrossoverRowRandomCount>
  <CrossoverRowHalfCount>12</CrossoverRowHalfCount>
  <MutationSwapCount>15</MutationSwapCount>
  <MutationModifyCount>0</MutationModifyCount>
  <MutationNewCount>13</MutationNewCount>
</OperationCount>
<Statistics>
  <TickInit>0</TickInit>
  <TickDBPrepare>0</TickDBPrepare>
  <TickLaunchExternal>0</TickLaunchExternal>
  <TickResultImport>0</TickResultImport>
  <TickDBRemove>0</TickDBRemove>
  <TickEA>0</TickEA>
  <TickBitStringCache>0</TickBitStringCache>
  <CreationType>
    <Individual creationType="Random">
      <Create>50</Create>
      <Remove>50</Remove>
      <Best>1</Best>
      <Parent>62</Parent>
      <Reproduction>7</Reproduction>
  </Individual>
    <Individual creationType="Cross Col">
      <Create>24</Create>
      <Remove>22</Remove>
      <Best>0</Best>
      <Parent>30</Parent>
      <Reproduction>2</Reproduction>
  </Individual>
    <Individual creationType="Cross Row Random">
      <Create>0</Create>
      <Remove>0</Remove>
      <Best>0</Best>
      <Parent>0</Parent>
      <Reproduction>0</Reproduction>
  </Individual>
    <Individual creationType="Cross Row Half">
      <Create>162</Create>
      <Remove>145</Remove>
      <Best>2</Best>
      <Parent>191</Parent>
      <Reproduction>17</Reproduction>
  </Individual>
    <Individual creationType="Mutation Swap">
      <Create>138</Create>
      <Remove>122</Remove>
      <Best>0</Best>
      <Parent>72</Parent>
      <Reproduction>7</Reproduction>
  </Individual>
    <Individual creationType="Mutation Modify">
      <Create>0</Create>
      <Remove>0</Remove>
      <Best>0</Best>
      <Parent>0</Parent>
      <Reproduction>0</Reproduction>
  </Individual>
    <Individual creationType="Mutation Fill">
      <Create>126</Create>
      <Remove>111</Remove>
      <Best>4</Best>
      <Parent>212</Parent>
      <Reproduction>17</Reproduction>
  </Individual>
    <Individual creationType="Breeding">
      <Create>0</Create>
      <Remove>0</Remove>
      <Best>0</Best>
      <Parent>0</Parent>
      <Reproduction>0</Reproduction>
  </Individual>
    <Individual creationType="Data Preset">
      <Create>0</Create>
      <Remove>0</Remove>
      <Best>0</Best>
      <Parent>0</Parent>
      <Reproduction>0</Reproduction>
  </Individual>
    <Individual creationType="Restored">
      <Create>0</Create>
      <Remove>0</Remove>
      <Best>0</Best>
      <Parent>0</Parent>
      <Reproduction>0</Reproduction>
  </Individual>
  </CreationType>
</Statistics>
<History>
  <Step index="1">
    <FitnessBest>0.497</FitnessBest>
    <FitnessWorst>2.000</FitnessWorst>
    <BestCreationType>Random</BestCreationType>
    <BestChanged>1</BestChanged>
    <StepDuration>2714</StepDuration>
    <StepSpeed>18.423</StepSpeed>
  </Step>
  <Step index="2">
    <FitnessBest>0.487</FitnessBest>
    <FitnessWorst>1.967</FitnessWorst>
    <BestCreationType>Mutation Fill</BestCreationType>
    <BestChanged>1</BestChanged>
    <StepDuration>2371</StepDuration>
    <StepSpeed>21.088</StepSpeed>
  </Step>
  <Step index="3">
    <FitnessBest>0.487</FitnessBest>
    <FitnessWorst>1.000</FitnessWorst>
    <BestCreationType>Mutation Fill</BestCreationType>
    <BestChanged>0</BestChanged>
    <StepDuration>2309</StepDuration>
    <StepSpeed>21.654</StepSpeed>
  </Step>
  <Step index="4">
    <FitnessBest>0.476</FitnessBest>
    <FitnessWorst>1.000</FitnessWorst>
    <BestCreationType>Mutation Fill</BestCreationType>
    <BestChanged>1</BestChanged>
    <StepDuration>2465</StepDuration>
    <StepSpeed>20.284</StepSpeed>
  </Step>
  <Step index="5">
    <FitnessBest>0.465</FitnessBest>
    <FitnessWorst>0.497</FitnessWorst>
    <BestCreationType>Cross Row Half</BestCreationType>
    <BestChanged>1</BestChanged>
    <StepDuration>2465</StepDuration>
    <StepSpeed>20.284</StepSpeed>
  </Step>
  <Step index="6">
    <FitnessBest>0.465</FitnessBest>
    <FitnessWorst>1.000</FitnessWorst>
    <BestCreationType>Cross Row Half</BestCreationType>
    <BestChanged>0</BestChanged>
    <StepDuration>2340</StepDuration>
    <StepSpeed>21.368</StepSpeed>
  </Step>
  <Step index="7">
    <FitnessBest>0.455</FitnessBest>
    <FitnessWorst>1.000</FitnessWorst>
    <BestCreationType>Cross Row Half</BestCreationType>
    <BestChanged>1</BestChanged>
    <StepDuration>2433</StepDuration>
    <StepSpeed>20.551</StepSpeed>
  </Step>
  <Step index="8">
    <FitnessBest>0.443</FitnessBest>
    <FitnessWorst>1.000</FitnessWorst>
    <BestCreationType>Mutation Fill</BestCreationType>
    <BestChanged>1</BestChanged>
    <StepDuration>2590</StepDuration>
    <StepSpeed>19.305</StepSpeed>
  </Step>
  <Step index="9">
    <FitnessBest>0.432</FitnessBest>
    <FitnessWorst>1.000</FitnessWorst>
    <BestCreationType>Mutation Fill</BestCreationType>
    <BestChanged>1</BestChanged>
    <StepDuration>2449</StepDuration>
    <StepSpeed>20.416</StepSpeed>
  </Step>
  <Step index="10">
    <FitnessBest>0.432</FitnessBest>
    <FitnessWorst>1.000</FitnessWorst>
    <BestCreationType>Mutation Fill</BestCreationType>
    <BestChanged>0</BestChanged>
    <StepDuration>2543</StepDuration>
    <StepSpeed>19.662</StepSpeed>
  </Step>
</History>
</LMRMEAState>
