{
	"tables" : [
		{
			"tableName" : "Entry",
			"columns" : [
				{
					"name" : "STAV",
					"dataType" : "nominal",
					"categories" : [
						{
							"code" : 1,
							"value" : "zenaty"
						},
						{
							"code" : 2,
							"value" : "rozvedeny"
						},
						{
							"code" : 3,
							"value" : "svobodny"
						},
						{
							"code" : 4,
							"value" : "vdovec"
						}
					],
					"X-Cat" : "5"
				},
				{
					"name" : "VZDELANI",
					"dataType" : "ordinal",
					"categories" : [
						{
							"code" : 1,
							"value" : "zakladni skola"
						},
						{
							"code" : 2,
							"value" : "odborne uciliste"
						},
						{
							"code" : 3,
							"value" : "stredni skola"
						},
						{
							"code" : 4,
							"value" : "vysoka skola"
						}
					],
					"X-Cat" : "5"
				},
				{
					"name" : "ZODPOV",
					"dataType" : "nominal",
					"categories" : [
						{
							"code" : 1,
							"value" : "ridici pracovnik"
						},
						{
							"code" : 2,
							"value" : "castecne samostatny pracovnik"
						},
						{
							"code" : 3,
							"value" : "ostatni"
						},
						{
							"code" : 4,
							"value" : "duchodce pro ICHS"
						},
						{
							"code" : 5,
							"value" : "duchodce - jine duvody"
						}
					],
					"X-Cat" : "6"
				},
				{
					"name" : "TELAKTZA",
					"dataType" : "nominal",
					"categories" : [
						{
							"code" : 1,
							"value" : "prevazne sedi"
						},
						{
							"code" : 2,
							"value" : "prevazne stoji"
						},
						{
							"code" : 3,
							"value" : "prevazne chodi"
						},
						{
							"code" : 4,
							"value" : "prenasi tezka bremena"
						}
					],
					"X-Cat" : "5"
				},
				{
					"name" : "AKTPOZAM",
					"dataType" : "ordinal",
					"categories" : [
						{
							"code" : 1,
							"value" : "prevazne sedi"
						},
						{
							"code" : 2,
							"value" : "mirna aktivita"
						},
						{
							"code" : 3,
							"value" : "velka aktivita"
						}
					],
					"X-Cat" : "4"
				},
				{
					"name" : "DOBAKOUR",
					"dataType" : "ordinal",
					"categories" : [
						{
							"code" : 7,
							"value" : "do 5 roku"
						},
						{
							"code" : 8,
							"value" : "6-10 roku"
						},
						{
							"code" : 9,
							"value" : "11-20 roku"
						},
						{
							"code" : 10,
							"value" : "21 a vice roku"
						}
					]
				},
				{
					"name" : "BYVKURAK",
					"dataType" : "nominal",
					"categories" : [
						{
							"code" : 11,
							"value" : "mene nez 1 rok"
						},
						{
							"code" : 12,
							"value" : "vice nez 1 rok"
						}
					]
				},
				{
					"name" : "PIVO10",
					"dataType" : "nominal",
					"categories" : [
						{
							"code" : 9,
							"value" : "ano"
						}
					]
				},
				{
					"name" : "IM",
					"dataType" : "nominal",
					"categories" : [
						{
							"code" : 1,
							"value" : "ano"
						},
						{
							"code" : 2,
							"value" : "ne"
						}
					],
					"X-Cat" : "6"
				},
				{
					"name" : "HT",
					"dataType" : "nominal",
					"categories" : [
						{
							"code" : 1,
							"value" : "ano"
						},
						{
							"code" : 2,
							"value" : "ne"
						}
					],
					"X-Cat" : "6"
				}
				,
				{
					"name" : "ICT",
					"dataType" : "nominal",
					"categories" : [
						{
							"code" : 1,
							"value" : "ano"
						},
						{
							"code" : 2,
							"value" : "ne"
						}
					],
					"X-Cat" : "6"
				},
				{
					"name" : "DIABET",
					"dataType" : "nominal",
					"categories" : [
						{
							"code" : 1,
							"value" : "ano"
						},
						{
							"code" : 2,
							"value" : "ne"
						}
					],
					"X-Cat" : "6"
				},
				{
					"name" : "HYPLIP",
					"dataType" : "nominal",
					"categories" : [
						{
							"code" : 1,
							"value" : "ano"
						},
						{
							"code" : 2,
							"value" : "ne"
						}
					],
					"X-Cat" : "6"
				}				,
				{
					"name" : "MOC",
					"dataType" : "nominal",
					"categories" : [
						{
							"code" : 1,
							"value" : "normalni"
						},
						{
							"code" : 2,
							"value" : "cukr positivni"
						},
						{
							"code" : 3,
							"value" : "bilkovina positivni"
						}
					],
					"X-Cat" : "4"
				}
				
			]
		}
	]
}
