<?xml version="1.0"?>
<LMRMEARandomizerState fileVersion="1">
<Basic>
  <Step>51</Step>
  <EARandUniform>146935</EARandUniform>
  <EARandGauss>0</EARandGauss>
  <TickTotal>0</TickTotal>
  <EAIndividualID>148</EAIndividualID>
  <TaskRunProcessCount>0</TaskRunProcessCount>
  <MtbExporterProcessCount>0</MtbExporterProcessCount>
</Basic>
<Population count="12">
  <EAIndividual ID="1">
    <CreationType>Data Preset</CreationType>
  </EAIndividual>
  <EAIndividual ID="111">
    <CreationType>Mutation Swap</CreationType>
  </EAIndividual>
  <EAIndividual ID="117">
    <CreationType>Cross Row Half</CreationType>
  </EAIndividual>
  <EAIndividual ID="126">
    <CreationType>Cross Row Half</CreationType>
  </EAIndividual>
  <EAIndividual ID="127">
    <CreationType>Mutation Swap</CreationType>
  </EAIndividual>
  <EAIndividual ID="129">
    <CreationType>Mutation Swap</CreationType>
  </EAIndividual>
  <EAIndividual ID="136">
    <CreationType>Cross Row Half</CreationType>
  </EAIndividual>
  <EAIndividual ID="139">
    <CreationType>Cross Row Half</CreationType>
  </EAIndividual>
  <EAIndividual ID="143">
    <CreationType>Cross Row Half</CreationType>
  </EAIndividual>
  <EAIndividual ID="144">
    <CreationType>Cross Row Half</CreationType>
  </EAIndividual>
  <EAIndividual ID="146">
    <CreationType>Mutation Swap</CreationType>
  </EAIndividual>
  <EAIndividual ID="147">
    <CreationType>Mutation Swap</CreationType>
  </EAIndividual>
  </Population>
<OperationCount>
  <CrossoverCount>0</CrossoverCount>
  <MutationCount>2</MutationCount>
  <BreedCount>808464672</BreedCount>
  <ReproductionCount>9</ReproductionCount>
  <CrossoverColumnCount>0</CrossoverColumnCount>
  <CrossoverRowCount>0</CrossoverRowCount>
  <CrossoverRowRandomCount>0</CrossoverRowRandomCount>
  <CrossoverRowHalfCount>0</CrossoverRowHalfCount>
  <MutationSwapCount>2</MutationSwapCount>
  <MutationNewCount>0</MutationNewCount>
</OperationCount>
<Statistics>
  <TickInit>0</TickInit>
  <TickDBPrepare>0</TickDBPrepare>
  <TickLaunchExternal>0</TickLaunchExternal>
  <TickResultImport>0</TickResultImport>
  <TickDBRemove>0</TickDBRemove>
  <TickEA>0</TickEA>
  <TickBitStringCache>0</TickBitStringCache>
  <CreationType>
    <Individual creationType="Random">
      <Create>0</Create>
      <Remove>0</Remove>
      <Best>0</Best>
      <Parent>0</Parent>
      <Reproduction>0</Reproduction>
  </Individual>
    <Individual creationType="Cross Col">
      <Create>0</Create>
      <Remove>0</Remove>
      <Best>0</Best>
      <Parent>0</Parent>
      <Reproduction>0</Reproduction>
  </Individual>
    <Individual creationType="Cross Row Random">
      <Create>2</Create>
      <Remove>2</Remove>
      <Best>0</Best>
      <Parent>0</Parent>
      <Reproduction>0</Reproduction>
  </Individual>
    <Individual creationType="Cross Row Half">
      <Create>54</Create>
      <Remove>48</Remove>
      <Best>3</Best>
      <Parent>36</Parent>
      <Reproduction>139</Reproduction>
  </Individual>
    <Individual creationType="Mutation Swap">
      <Create>90</Create>
      <Remove>63</Remove>
      <Best>12</Best>
      <Parent>85</Parent>
      <Reproduction>342</Reproduction>
  </Individual>
    <Individual creationType="Mutation Fill">
      <Create>0</Create>
      <Remove>0</Remove>
      <Best>0</Best>
      <Parent>0</Parent>
      <Reproduction>0</Reproduction>
  </Individual>
    <Individual creationType="Breeding">
      <Create>0</Create>
      <Remove>0</Remove>
      <Best>0</Best>
      <Parent>0</Parent>
      <Reproduction>0</Reproduction>
  </Individual>
    <Individual creationType="Data Preset">
      <Create>1</Create>
      <Remove>0</Remove>
      <Best>0</Best>
      <Parent>25</Parent>
      <Reproduction>102</Reproduction>
  </Individual>
    <Individual creationType="Restored">
      <Create>0</Create>
      <Remove>0</Remove>
      <Best>0</Best>
      <Parent>0</Parent>
      <Reproduction>0</Reproduction>
  </Individual>
  </CreationType>
</Statistics>
<History>
  <Step index="1">
    <RandomizerValueHighest>23.392</RandomizerValueHighest>
    <BestCreationType>Mutation Swap</BestCreationType>
    <BestChanged>1</BestChanged>
    <StepDuration>18096</StepDuration>
    <StepSpeed>0.497</StepSpeed>
  </Step>
  <Step index="2">
    <RandomizerValueHighest>23.392</RandomizerValueHighest>
    <BestCreationType>Mutation Swap</BestCreationType>
    <BestChanged>0</BestChanged>
    <StepDuration>8018</StepDuration>
    <StepSpeed>1.247</StepSpeed>
  </Step>
  <Step index="3">
    <RandomizerValueHighest>24.782</RandomizerValueHighest>
    <BestCreationType>Mutation Swap</BestCreationType>
    <BestChanged>1</BestChanged>
    <StepDuration>8050</StepDuration>
    <StepSpeed>1.242</StepSpeed>
  </Step>
  <Step index="4">
    <RandomizerValueHighest>24.782</RandomizerValueHighest>
    <BestCreationType>Mutation Swap</BestCreationType>
    <BestChanged>0</BestChanged>
    <StepDuration>7972</StepDuration>
    <StepSpeed>1.254</StepSpeed>
  </Step>
  <Step index="5">
    <RandomizerValueHighest>24.792</RandomizerValueHighest>
    <BestCreationType>Mutation Swap</BestCreationType>
    <BestChanged>1</BestChanged>
    <StepDuration>7940</StepDuration>
    <StepSpeed>1.259</StepSpeed>
  </Step>
  <Step index="6">
    <RandomizerValueHighest>24.792</RandomizerValueHighest>
    <BestCreationType>Mutation Swap</BestCreationType>
    <BestChanged>0</BestChanged>
    <StepDuration>7176</StepDuration>
    <StepSpeed>1.394</StepSpeed>
  </Step>
  <Step index="7">
    <RandomizerValueHighest>25.245</RandomizerValueHighest>
    <BestCreationType>Mutation Swap</BestCreationType>
    <BestChanged>1</BestChanged>
    <StepDuration>10577</StepDuration>
    <StepSpeed>0.945</StepSpeed>
  </Step>
  <Step index="8">
    <RandomizerValueHighest>25.245</RandomizerValueHighest>
    <BestCreationType>Mutation Swap</BestCreationType>
    <BestChanged>0</BestChanged>
    <StepDuration>9360</StepDuration>
    <StepSpeed>1.068</StepSpeed>
  </Step>
  <Step index="9">
    <RandomizerValueHighest>25.245</RandomizerValueHighest>
    <BestCreationType>Mutation Swap</BestCreationType>
    <BestChanged>0</BestChanged>
    <StepDuration>9220</StepDuration>
    <StepSpeed>1.085</StepSpeed>
  </Step>
  <Step index="10">
    <RandomizerValueHighest>25.245</RandomizerValueHighest>
    <BestCreationType>Mutation Swap</BestCreationType>
    <BestChanged>0</BestChanged>
    <StepDuration>7067</StepDuration>
    <StepSpeed>1.415</StepSpeed>
  </Step>
  <Step index="11">
    <RandomizerValueHighest>26.037</RandomizerValueHighest>
    <BestCreationType>Mutation Swap</BestCreationType>
    <BestChanged>1</BestChanged>
    <StepDuration>7893</StepDuration>
    <StepSpeed>1.267</StepSpeed>
  </Step>
  <Step index="12">
    <RandomizerValueHighest>26.037</RandomizerValueHighest>
    <BestCreationType>Mutation Swap</BestCreationType>
    <BestChanged>0</BestChanged>
    <StepDuration>7832</StepDuration>
    <StepSpeed>1.277</StepSpeed>
  </Step>
  <Step index="13">
    <RandomizerValueHighest>26.308</RandomizerValueHighest>
    <BestCreationType>Mutation Swap</BestCreationType>
    <BestChanged>1</BestChanged>
    <StepDuration>10670</StepDuration>
    <StepSpeed>0.937</StepSpeed>
  </Step>
  <Step index="14">
    <RandomizerValueHighest>27.176</RandomizerValueHighest>
    <BestCreationType>Mutation Swap</BestCreationType>
    <BestChanged>1</BestChanged>
    <StepDuration>39094</StepDuration>
    <StepSpeed>0.256</StepSpeed>
  </Step>
  <Step index="15">
    <RandomizerValueHighest>27.176</RandomizerValueHighest>
    <BestCreationType>Mutation Swap</BestCreationType>
    <BestChanged>0</BestChanged>
    <StepDuration>7051</StepDuration>
    <StepSpeed>1.418</StepSpeed>
  </Step>
  <Step index="16">
    <RandomizerValueHighest>27.176</RandomizerValueHighest>
    <BestCreationType>Mutation Swap</BestCreationType>
    <BestChanged>0</BestChanged>
    <StepDuration>7114</StepDuration>
    <StepSpeed>1.406</StepSpeed>
  </Step>
  <Step index="17">
    <RandomizerValueHighest>27.176</RandomizerValueHighest>
    <BestCreationType>Mutation Swap</BestCreationType>
    <BestChanged>0</BestChanged>
    <StepDuration>7051</StepDuration>
    <StepSpeed>1.418</StepSpeed>
  </Step>
  <Step index="18">
    <RandomizerValueHighest>27.176</RandomizerValueHighest>
    <BestCreationType>Mutation Swap</BestCreationType>
    <BestChanged>0</BestChanged>
    <StepDuration>452</StepDuration>
    <StepSpeed>22.124</StepSpeed>
  </Step>
  <Step index="19">
    <RandomizerValueHighest>27.176</RandomizerValueHighest>
    <BestCreationType>Mutation Swap</BestCreationType>
    <BestChanged>0</BestChanged>
    <StepDuration>7052</StepDuration>
    <StepSpeed>1.418</StepSpeed>
  </Step>
  <Step index="20">
    <RandomizerValueHighest>27.176</RandomizerValueHighest>
    <BestCreationType>Mutation Swap</BestCreationType>
    <BestChanged>0</BestChanged>
    <StepDuration>6146</StepDuration>
    <StepSpeed>1.627</StepSpeed>
  </Step>
  <Step index="21">
    <RandomizerValueHighest>27.176</RandomizerValueHighest>
    <BestCreationType>Mutation Swap</BestCreationType>
    <BestChanged>0</BestChanged>
    <StepDuration>7941</StepDuration>
    <StepSpeed>1.259</StepSpeed>
  </Step>
  <Step index="22">
    <RandomizerValueHighest>27.226</RandomizerValueHighest>
    <BestCreationType>Mutation Swap</BestCreationType>
    <BestChanged>1</BestChanged>
    <StepDuration>7924</StepDuration>
    <StepSpeed>1.262</StepSpeed>
  </Step>
  <Step index="23">
    <RandomizerValueHighest>27.226</RandomizerValueHighest>
    <BestCreationType>Mutation Swap</BestCreationType>
    <BestChanged>0</BestChanged>
    <StepDuration>7894</StepDuration>
    <StepSpeed>1.267</StepSpeed>
  </Step>
  <Step index="24">
    <RandomizerValueHighest>27.226</RandomizerValueHighest>
    <BestCreationType>Mutation Swap</BestCreationType>
    <BestChanged>0</BestChanged>
    <StepDuration>6271</StepDuration>
    <StepSpeed>1.595</StepSpeed>
  </Step>
  <Step index="25">
    <RandomizerValueHighest>27.226</RandomizerValueHighest>
    <BestCreationType>Mutation Swap</BestCreationType>
    <BestChanged>0</BestChanged>
    <StepDuration>7036</StepDuration>
    <StepSpeed>1.421</StepSpeed>
  </Step>
  <Step index="26">
    <RandomizerValueHighest>27.226</RandomizerValueHighest>
    <BestCreationType>Mutation Swap</BestCreationType>
    <BestChanged>0</BestChanged>
    <StepDuration>7114</StepDuration>
    <StepSpeed>1.406</StepSpeed>
  </Step>
  <Step index="27">
    <RandomizerValueHighest>27.226</RandomizerValueHighest>
    <BestCreationType>Mutation Swap</BestCreationType>
    <BestChanged>0</BestChanged>
    <StepDuration>7924</StepDuration>
    <StepSpeed>1.262</StepSpeed>
  </Step>
  <Step index="28">
    <RandomizerValueHighest>27.334</RandomizerValueHighest>
    <BestCreationType>Mutation Swap</BestCreationType>
    <BestChanged>1</BestChanged>
    <StepDuration>7910</StepDuration>
    <StepSpeed>1.264</StepSpeed>
  </Step>
  <Step index="29">
    <RandomizerValueHighest>27.334</RandomizerValueHighest>
    <BestCreationType>Mutation Swap</BestCreationType>
    <BestChanged>0</BestChanged>
    <StepDuration>26270</StepDuration>
    <StepSpeed>0.381</StepSpeed>
  </Step>
  <Step index="30">
    <RandomizerValueHighest>27.334</RandomizerValueHighest>
    <BestCreationType>Mutation Swap</BestCreationType>
    <BestChanged>0</BestChanged>
    <StepDuration>7036</StepDuration>
    <StepSpeed>1.421</StepSpeed>
  </Step>
  <Step index="31">
    <RandomizerValueHighest>27.511</RandomizerValueHighest>
    <BestCreationType>Mutation Swap</BestCreationType>
    <BestChanged>1</BestChanged>
    <StepDuration>8003</StepDuration>
    <StepSpeed>1.250</StepSpeed>
  </Step>
  <Step index="32">
    <RandomizerValueHighest>27.511</RandomizerValueHighest>
    <BestCreationType>Mutation Swap</BestCreationType>
    <BestChanged>0</BestChanged>
    <StepDuration>7909</StepDuration>
    <StepSpeed>1.264</StepSpeed>
  </Step>
  <Step index="33">
    <RandomizerValueHighest>27.511</RandomizerValueHighest>
    <BestCreationType>Mutation Swap</BestCreationType>
    <BestChanged>0</BestChanged>
    <StepDuration>6318</StepDuration>
    <StepSpeed>1.583</StepSpeed>
  </Step>
  <Step index="34">
    <RandomizerValueHighest>27.576</RandomizerValueHighest>
    <BestCreationType>Mutation Swap</BestCreationType>
    <BestChanged>1</BestChanged>
    <StepDuration>7145</StepDuration>
    <StepSpeed>1.400</StepSpeed>
  </Step>
  <Step index="35">
    <RandomizerValueHighest>27.576</RandomizerValueHighest>
    <BestCreationType>Mutation Swap</BestCreationType>
    <BestChanged>0</BestChanged>
    <StepDuration>6178</StepDuration>
    <StepSpeed>1.619</StepSpeed>
  </Step>
  <Step index="36">
    <RandomizerValueHighest>27.576</RandomizerValueHighest>
    <BestCreationType>Mutation Swap</BestCreationType>
    <BestChanged>0</BestChanged>
    <StepDuration>7956</StepDuration>
    <StepSpeed>1.257</StepSpeed>
  </Step>
  <Step index="37">
    <RandomizerValueHighest>27.576</RandomizerValueHighest>
    <BestCreationType>Mutation Swap</BestCreationType>
    <BestChanged>0</BestChanged>
    <StepDuration>9282</StepDuration>
    <StepSpeed>1.077</StepSpeed>
  </Step>
  <Step index="38">
    <RandomizerValueHighest>27.576</RandomizerValueHighest>
    <BestCreationType>Mutation Swap</BestCreationType>
    <BestChanged>0</BestChanged>
    <StepDuration>7737</StepDuration>
    <StepSpeed>1.292</StepSpeed>
  </Step>
  <Step index="39">
    <RandomizerValueHighest>27.576</RandomizerValueHighest>
    <BestCreationType>Mutation Swap</BestCreationType>
    <BestChanged>0</BestChanged>
    <StepDuration>6833</StepDuration>
    <StepSpeed>1.463</StepSpeed>
  </Step>
  <Step index="40">
    <RandomizerValueHighest>27.605</RandomizerValueHighest>
    <BestCreationType>Mutation Swap</BestCreationType>
    <BestChanged>1</BestChanged>
    <StepDuration>6693</StepDuration>
    <StepSpeed>1.494</StepSpeed>
  </Step>
  <Step index="41">
    <RandomizerValueHighest>27.605</RandomizerValueHighest>
    <BestCreationType>Mutation Swap</BestCreationType>
    <BestChanged>0</BestChanged>
    <StepDuration>8580</StepDuration>
    <StepSpeed>1.166</StepSpeed>
  </Step>
  <Step index="42">
    <RandomizerValueHighest>27.608</RandomizerValueHighest>
    <BestCreationType>Cross Row Half</BestCreationType>
    <BestChanged>1</BestChanged>
    <StepDuration>6630</StepDuration>
    <StepSpeed>1.508</StepSpeed>
  </Step>
  <Step index="43">
    <RandomizerValueHighest>27.608</RandomizerValueHighest>
    <BestCreationType>Cross Row Half</BestCreationType>
    <BestChanged>0</BestChanged>
    <StepDuration>9063</StepDuration>
    <StepSpeed>1.103</StepSpeed>
  </Step>
  <Step index="44">
    <RandomizerValueHighest>27.629</RandomizerValueHighest>
    <BestCreationType>Cross Row Half</BestCreationType>
    <BestChanged>1</BestChanged>
    <StepDuration>9298</StepDuration>
    <StepSpeed>1.076</StepSpeed>
  </Step>
  <Step index="45">
    <RandomizerValueHighest>27.629</RandomizerValueHighest>
    <BestCreationType>Cross Row Half</BestCreationType>
    <BestChanged>0</BestChanged>
    <StepDuration>7207</StepDuration>
    <StepSpeed>1.388</StepSpeed>
  </Step>
  <Step index="46">
    <RandomizerValueHighest>27.629</RandomizerValueHighest>
    <BestCreationType>Cross Row Half</BestCreationType>
    <BestChanged>0</BestChanged>
    <StepDuration>33463</StepDuration>
    <StepSpeed>0.299</StepSpeed>
  </Step>
  <Step index="47">
    <RandomizerValueHighest>27.629</RandomizerValueHighest>
    <BestCreationType>Cross Row Half</BestCreationType>
    <BestChanged>0</BestChanged>
    <StepDuration>7144</StepDuration>
    <StepSpeed>1.400</StepSpeed>
  </Step>
  <Step index="48">
    <RandomizerValueHighest>27.629</RandomizerValueHighest>
    <BestCreationType>Cross Row Half</BestCreationType>
    <BestChanged>0</BestChanged>
    <StepDuration>453</StepDuration>
    <StepSpeed>22.075</StepSpeed>
  </Step>
  <Step index="49">
    <RandomizerValueHighest>27.653</RandomizerValueHighest>
    <BestCreationType>Cross Row Half</BestCreationType>
    <BestChanged>1</BestChanged>
    <StepDuration>9219</StepDuration>
    <StepSpeed>1.085</StepSpeed>
  </Step>
  <Step index="50">
    <RandomizerValueHighest>27.653</RandomizerValueHighest>
    <BestCreationType>Cross Row Half</BestCreationType>
    <BestChanged>0</BestChanged>
    <StepDuration>7816</StepDuration>
    <StepSpeed>1.279</StepSpeed>
  </Step>
  <Step index="51">
    <RandomizerValueHighest>27.653</RandomizerValueHighest>
    <BestCreationType>Cross Row Half</BestCreationType>
    <BestChanged>0</BestChanged>
    <StepDuration>7878</StepDuration>
    <StepSpeed>1.269</StepSpeed>
  </Step>
</History>
</LMRMEARandomizerState>
