<?xml version="1.0"?>
<LMRMEAState fileVersion="1">
<Basic>
  <Step>1</Step>
  <EARandUniform>76500</EARandUniform>
  <EARandGauss>12922</EARandGauss>
  <TickTotal>0</TickTotal>
  <EAIndividualID>51</EAIndividualID>
  <TaskRunProcessCount>0</TaskRunProcessCount>
  <MtbExporterProcessCount>0</MtbExporterProcessCount>
</Basic>
<Population count="50">
  <EAIndividual ID="1">
    <CreationType>Random</CreationType>
  </EAIndividual>
  <EAIndividual ID="10">
    <CreationType>Random</CreationType>
  </EAIndividual>
  <EAIndividual ID="15">
    <CreationType>Random</CreationType>
  </EAIndividual>
  <EAIndividual ID="16">
    <CreationType>Random</CreationType>
  </EAIndividual>
  <EAIndividual ID="21">
    <CreationType>Random</CreationType>
  </EAIndividual>
  <EAIndividual ID="23">
    <CreationType>Random</CreationType>
  </EAIndividual>
  <EAIndividual ID="25">
    <CreationType>Random</CreationType>
  </EAIndividual>
  <EAIndividual ID="31">
    <CreationType>Random</CreationType>
  </EAIndividual>
  <EAIndividual ID="32">
    <CreationType>Random</CreationType>
  </EAIndividual>
  <EAIndividual ID="33">
    <CreationType>Random</CreationType>
  </EAIndividual>
  <EAIndividual ID="35">
    <CreationType>Random</CreationType>
  </EAIndividual>
  <EAIndividual ID="37">
    <CreationType>Random</CreationType>
  </EAIndividual>
  <EAIndividual ID="38">
    <CreationType>Random</CreationType>
  </EAIndividual>
  <EAIndividual ID="42">
    <CreationType>Random</CreationType>
  </EAIndividual>
  <EAIndividual ID="46">
    <CreationType>Random</CreationType>
  </EAIndividual>
  <EAIndividual ID="48">
    <CreationType>Random</CreationType>
  </EAIndividual>
  <EAIndividual ID="9">
    <CreationType>Random</CreationType>
  </EAIndividual>
  <EAIndividual ID="13">
    <CreationType>Random</CreationType>
  </EAIndividual>
  <EAIndividual ID="27">
    <CreationType>Random</CreationType>
  </EAIndividual>
  <EAIndividual ID="6">
    <CreationType>Random</CreationType>
  </EAIndividual>
  <EAIndividual ID="17">
    <CreationType>Random</CreationType>
  </EAIndividual>
  <EAIndividual ID="20">
    <CreationType>Random</CreationType>
  </EAIndividual>
  <EAIndividual ID="8">
    <CreationType>Random</CreationType>
  </EAIndividual>
  <EAIndividual ID="11">
    <CreationType>Random</CreationType>
  </EAIndividual>
  <EAIndividual ID="39">
    <CreationType>Random</CreationType>
  </EAIndividual>
  <EAIndividual ID="3">
    <CreationType>Random</CreationType>
  </EAIndividual>
  <EAIndividual ID="19">
    <CreationType>Random</CreationType>
  </EAIndividual>
  <EAIndividual ID="47">
    <CreationType>Random</CreationType>
  </EAIndividual>
  <EAIndividual ID="5">
    <CreationType>Random</CreationType>
  </EAIndividual>
  <EAIndividual ID="2">
    <CreationType>Random</CreationType>
  </EAIndividual>
  <EAIndividual ID="12">
    <CreationType>Random</CreationType>
  </EAIndividual>
  <EAIndividual ID="14">
    <CreationType>Random</CreationType>
  </EAIndividual>
  <EAIndividual ID="18">
    <CreationType>Random</CreationType>
  </EAIndividual>
  <EAIndividual ID="24">
    <CreationType>Random</CreationType>
  </EAIndividual>
  <EAIndividual ID="49">
    <CreationType>Random</CreationType>
  </EAIndividual>
  <EAIndividual ID="34">
    <CreationType>Random</CreationType>
  </EAIndividual>
  <EAIndividual ID="43">
    <CreationType>Random</CreationType>
  </EAIndividual>
  <EAIndividual ID="40">
    <CreationType>Random</CreationType>
  </EAIndividual>
  <EAIndividual ID="41">
    <CreationType>Random</CreationType>
  </EAIndividual>
  <EAIndividual ID="50">
    <CreationType>Random</CreationType>
  </EAIndividual>
  <EAIndividual ID="26">
    <CreationType>Random</CreationType>
  </EAIndividual>
  <EAIndividual ID="28">
    <CreationType>Random</CreationType>
  </EAIndividual>
  <EAIndividual ID="44">
    <CreationType>Random</CreationType>
  </EAIndividual>
  <EAIndividual ID="22">
    <CreationType>Random</CreationType>
  </EAIndividual>
  <EAIndividual ID="7">
    <CreationType>Random</CreationType>
  </EAIndividual>
  <EAIndividual ID="36">
    <CreationType>Random</CreationType>
  </EAIndividual>
  <EAIndividual ID="45">
    <CreationType>Random</CreationType>
  </EAIndividual>
  <EAIndividual ID="4">
    <CreationType>Random</CreationType>
  </EAIndividual>
  <EAIndividual ID="29">
    <CreationType>Random</CreationType>
  </EAIndividual>
  <EAIndividual ID="30">
    <CreationType>Random</CreationType>
  </EAIndividual>
  </Population>
<OperationCount>
  <CrossoverCount>1885435731</CrossoverCount>
  <MutationCount>1853189955</MutationCount>
  <BreedCount>2019642740</BreedCount>
  <ReproductionCount>824196384</ReproductionCount>
  <CrossoverColumnCount>1095049260</CrossoverColumnCount>
  <CrossoverRowCount>1635022157</CrossoverRowCount>
  <CrossoverRowRandomCount>1852795252</CrossoverRowRandomCount>
  <CrossoverRowHalfCount>1768189773</CrossoverRowHalfCount>
  <MutationSwapCount>1917876582</MutationSwapCount>
  <MutationModifyCount>1699766895</MutationModifyCount>
  <MutationNewCount>1025532786</MutationNewCount>
</OperationCount>
<Statistics>
  <TickInit>0</TickInit>
  <TickDBPrepare>0</TickDBPrepare>
  <TickLaunchExternal>0</TickLaunchExternal>
  <TickResultImport>0</TickResultImport>
  <TickDBRemove>0</TickDBRemove>
  <TickEA>0</TickEA>
  <TickBitStringCache>0</TickBitStringCache>
  <CreationType>
    <Individual creationType="Random">
      <Create>50</Create>
      <Remove>0</Remove>
      <Best>1</Best>
      <Parent>0</Parent>
      <Reproduction>0</Reproduction>
  </Individual>
    <Individual creationType="Cross Col">
      <Create>0</Create>
      <Remove>0</Remove>
      <Best>0</Best>
      <Parent>0</Parent>
      <Reproduction>0</Reproduction>
  </Individual>
    <Individual creationType="Cross Row Random">
      <Create>0</Create>
      <Remove>0</Remove>
      <Best>0</Best>
      <Parent>0</Parent>
      <Reproduction>0</Reproduction>
  </Individual>
    <Individual creationType="Cross Row Half">
      <Create>0</Create>
      <Remove>0</Remove>
      <Best>0</Best>
      <Parent>0</Parent>
      <Reproduction>0</Reproduction>
  </Individual>
    <Individual creationType="Mutation Swap">
      <Create>0</Create>
      <Remove>0</Remove>
      <Best>0</Best>
      <Parent>0</Parent>
      <Reproduction>0</Reproduction>
  </Individual>
    <Individual creationType="Mutation Modify">
      <Create>0</Create>
      <Remove>0</Remove>
      <Best>0</Best>
      <Parent>0</Parent>
      <Reproduction>0</Reproduction>
  </Individual>
    <Individual creationType="Mutation Fill">
      <Create>0</Create>
      <Remove>0</Remove>
      <Best>0</Best>
      <Parent>0</Parent>
      <Reproduction>0</Reproduction>
  </Individual>
    <Individual creationType="Breeding">
      <Create>0</Create>
      <Remove>0</Remove>
      <Best>0</Best>
      <Parent>0</Parent>
      <Reproduction>0</Reproduction>
  </Individual>
    <Individual creationType="Data Preset">
      <Create>0</Create>
      <Remove>0</Remove>
      <Best>0</Best>
      <Parent>0</Parent>
      <Reproduction>0</Reproduction>
  </Individual>
    <Individual creationType="Restored">
      <Create>0</Create>
      <Remove>0</Remove>
      <Best>0</Best>
      <Parent>0</Parent>
      <Reproduction>0</Reproduction>
  </Individual>
  </CreationType>
</Statistics>
<History>
  <Step index="1">
    <FitnessBest>0.000</FitnessBest>
    <FitnessWorst>0.031</FitnessWorst>
    <BestCreationType>Random</BestCreationType>
    <BestChanged>1</BestChanged>
    <StepDuration>24578</StepDuration>
    <StepSpeed>2.034</StepSpeed>
  </Step>
</History>
</LMRMEAState>
