<?xml version="1.0"?>
<LMRMEARandomizerState fileVersion="1">
<Basic>
  <Step>51</Step>
  <EARandUniform>68933</EARandUniform>
  <EARandGauss>0</EARandGauss>
  <TickTotal>0</TickTotal>
  <EAIndividualID>413</EAIndividualID>
  <TaskRunProcessCount>0</TaskRunProcessCount>
  <MtbExporterProcessCount>0</MtbExporterProcessCount>
</Basic>
<Population count="10">
  <EAIndividual ID="1">
    <CreationType>Data Preset</CreationType>
  </EAIndividual>
  <EAIndividual ID="363">
    <CreationType>Mutation Swap</CreationType>
  </EAIndividual>
  <EAIndividual ID="364">
    <CreationType>Mutation Fill</CreationType>
  </EAIndividual>
  <EAIndividual ID="365">
    <CreationType>Mutation Swap</CreationType>
  </EAIndividual>
  <EAIndividual ID="377">
    <CreationType>Mutation Fill</CreationType>
  </EAIndividual>
  <EAIndividual ID="378">
    <CreationType>Mutation Fill</CreationType>
  </EAIndividual>
  <EAIndividual ID="379">
    <CreationType>Mutation Fill</CreationType>
  </EAIndividual>
  <EAIndividual ID="382">
    <CreationType>Mutation Fill</CreationType>
  </EAIndividual>
  <EAIndividual ID="384">
    <CreationType>Mutation Fill</CreationType>
  </EAIndividual>
  <EAIndividual ID="407">
    <CreationType>Mutation Fill</CreationType>
  </EAIndividual>
  </Population>
<OperationCount>
  <CrossoverCount>0</CrossoverCount>
  <MutationCount>2</MutationCount>
  <BreedCount>0</BreedCount>
  <ReproductionCount>2</ReproductionCount>
  <CrossoverColumnCount>0</CrossoverColumnCount>
  <CrossoverRowCount>1</CrossoverRowCount>
  <CrossoverRowRandomCount>0</CrossoverRowRandomCount>
  <CrossoverRowHalfCount>1</CrossoverRowHalfCount>
  <MutationSwapCount>2</MutationSwapCount>
  <MutationModifyCount>0</MutationModifyCount>
  <MutationNewCount>0</MutationNewCount>
</OperationCount>
<Statistics>
  <TickInit>0</TickInit>
  <TickDBPrepare>0</TickDBPrepare>
  <TickLaunchExternal>0</TickLaunchExternal>
  <TickResultImport>0</TickResultImport>
  <TickDBRemove>0</TickDBRemove>
  <TickEA>0</TickEA>
  <TickBitStringCache>0</TickBitStringCache>
  <CreationType>
    <Individual creationType="Random">
      <Create>0</Create>
      <Remove>0</Remove>
      <Best>0</Best>
      <Parent>0</Parent>
      <Reproduction>0</Reproduction>
  </Individual>
    <Individual creationType="Cross Col">
      <Create>0</Create>
      <Remove>0</Remove>
      <Best>0</Best>
      <Parent>0</Parent>
      <Reproduction>0</Reproduction>
  </Individual>
    <Individual creationType="Cross Row Random">
      <Create>0</Create>
      <Remove>0</Remove>
      <Best>0</Best>
      <Parent>0</Parent>
      <Reproduction>0</Reproduction>
  </Individual>
    <Individual creationType="Cross Row Half">
      <Create>0</Create>
      <Remove>0</Remove>
      <Best>0</Best>
      <Parent>0</Parent>
      <Reproduction>0</Reproduction>
  </Individual>
    <Individual creationType="Mutation Swap">
      <Create>219</Create>
      <Remove>19</Remove>
      <Best>7</Best>
      <Parent>96</Parent>
      <Reproduction>7</Reproduction>
  </Individual>
    <Individual creationType="Mutation Modify">
      <Create>0</Create>
      <Remove>0</Remove>
      <Best>0</Best>
      <Parent>0</Parent>
      <Reproduction>0</Reproduction>
  </Individual>
    <Individual creationType="Mutation Fill">
      <Create>192</Create>
      <Remove>74</Remove>
      <Best>36</Best>
      <Parent>612</Parent>
      <Reproduction>44</Reproduction>
  </Individual>
    <Individual creationType="Breeding">
      <Create>0</Create>
      <Remove>0</Remove>
      <Best>0</Best>
      <Parent>0</Parent>
      <Reproduction>0</Reproduction>
  </Individual>
    <Individual creationType="Data Preset">
      <Create>1</Create>
      <Remove>0</Remove>
      <Best>0</Best>
      <Parent>9</Parent>
      <Reproduction>51</Reproduction>
  </Individual>
    <Individual creationType="Restored">
      <Create>0</Create>
      <Remove>0</Remove>
      <Best>0</Best>
      <Parent>0</Parent>
      <Reproduction>0</Reproduction>
  </Individual>
  </CreationType>
</Statistics>
<History>
  <Step index="1">
    <RandomizerValueHighest>0.079</RandomizerValueHighest>
    <BestCreationType>Mutation Fill</BestCreationType>
    <BestChanged>1</BestChanged>
    <StepDuration>17145</StepDuration>
    <StepSpeed>0.233</StepSpeed>
  </Step>
  <Step index="2">
    <RandomizerValueHighest>0.211</RandomizerValueHighest>
    <BestCreationType>Mutation Fill</BestCreationType>
    <BestChanged>1</BestChanged>
    <StepDuration>14867</StepDuration>
    <StepSpeed>0.336</StepSpeed>
  </Step>
  <Step index="3">
    <RandomizerValueHighest>0.261</RandomizerValueHighest>
    <BestCreationType>Mutation Fill</BestCreationType>
    <BestChanged>1</BestChanged>
    <StepDuration>20857</StepDuration>
    <StepSpeed>0.336</StepSpeed>
  </Step>
  <Step index="4">
    <RandomizerValueHighest>0.261</RandomizerValueHighest>
    <BestCreationType>Mutation Fill</BestCreationType>
    <BestChanged>0</BestChanged>
    <StepDuration>17831</StepDuration>
    <StepSpeed>0.393</StepSpeed>
  </Step>
  <Step index="5">
    <RandomizerValueHighest>0.392</RandomizerValueHighest>
    <BestCreationType>Mutation Fill</BestCreationType>
    <BestChanged>1</BestChanged>
    <StepDuration>17831</StepDuration>
    <StepSpeed>0.561</StepSpeed>
  </Step>
  <Step index="6">
    <RandomizerValueHighest>0.492</RandomizerValueHighest>
    <BestCreationType>Mutation Fill</BestCreationType>
    <BestChanged>1</BestChanged>
    <StepDuration>19547</StepDuration>
    <StepSpeed>0.512</StepSpeed>
  </Step>
  <Step index="7">
    <RandomizerValueHighest>0.697</RandomizerValueHighest>
    <BestCreationType>Mutation Swap</BestCreationType>
    <BestChanged>1</BestChanged>
    <StepDuration>16083</StepDuration>
    <StepSpeed>0.622</StepSpeed>
  </Step>
  <Step index="8">
    <RandomizerValueHighest>0.826</RandomizerValueHighest>
    <BestCreationType>Mutation Fill</BestCreationType>
    <BestChanged>1</BestChanged>
    <StepDuration>13775</StepDuration>
    <StepSpeed>0.726</StepSpeed>
  </Step>
  <Step index="9">
    <RandomizerValueHighest>1.008</RandomizerValueHighest>
    <BestCreationType>Mutation Fill</BestCreationType>
    <BestChanged>1</BestChanged>
    <StepDuration>20842</StepDuration>
    <StepSpeed>0.480</StepSpeed>
  </Step>
  <Step index="10">
    <RandomizerValueHighest>1.103</RandomizerValueHighest>
    <BestCreationType>Mutation Swap</BestCreationType>
    <BestChanged>1</BestChanged>
    <StepDuration>17441</StepDuration>
    <StepSpeed>0.573</StepSpeed>
  </Step>
  <Step index="11">
    <RandomizerValueHighest>1.171</RandomizerValueHighest>
    <BestCreationType>Mutation Fill</BestCreationType>
    <BestChanged>1</BestChanged>
    <StepDuration>17300</StepDuration>
    <StepSpeed>0.578</StepSpeed>
  </Step>
  <Step index="12">
    <RandomizerValueHighest>1.350</RandomizerValueHighest>
    <BestCreationType>Mutation Fill</BestCreationType>
    <BestChanged>1</BestChanged>
    <StepDuration>14867</StepDuration>
    <StepSpeed>0.673</StepSpeed>
  </Step>
  <Step index="13">
    <RandomizerValueHighest>1.489</RandomizerValueHighest>
    <BestCreationType>Mutation Swap</BestCreationType>
    <BestChanged>1</BestChanged>
    <StepDuration>20780</StepDuration>
    <StepSpeed>0.481</StepSpeed>
  </Step>
  <Step index="14">
    <RandomizerValueHighest>1.605</RandomizerValueHighest>
    <BestCreationType>Mutation Fill</BestCreationType>
    <BestChanged>1</BestChanged>
    <StepDuration>14711</StepDuration>
    <StepSpeed>0.680</StepSpeed>
  </Step>
  <Step index="15">
    <RandomizerValueHighest>1.747</RandomizerValueHighest>
    <BestCreationType>Mutation Fill</BestCreationType>
    <BestChanged>1</BestChanged>
    <StepDuration>16348</StepDuration>
    <StepSpeed>0.612</StepSpeed>
  </Step>
  <Step index="16">
    <RandomizerValueHighest>1.897</RandomizerValueHighest>
    <BestCreationType>Mutation Fill</BestCreationType>
    <BestChanged>1</BestChanged>
    <StepDuration>13697</StepDuration>
    <StepSpeed>0.730</StepSpeed>
  </Step>
  <Step index="17">
    <RandomizerValueHighest>1.963</RandomizerValueHighest>
    <BestCreationType>Mutation Fill</BestCreationType>
    <BestChanged>1</BestChanged>
    <StepDuration>17270</StepDuration>
    <StepSpeed>0.579</StepSpeed>
  </Step>
  <Step index="18">
    <RandomizerValueHighest>1.963</RandomizerValueHighest>
    <BestCreationType>Mutation Fill</BestCreationType>
    <BestChanged>0</BestChanged>
    <StepDuration>15366</StepDuration>
    <StepSpeed>0.651</StepSpeed>
  </Step>
  <Step index="19">
    <RandomizerValueHighest>2.063</RandomizerValueHighest>
    <BestCreationType>Mutation Fill</BestCreationType>
    <BestChanged>1</BestChanged>
    <StepDuration>18704</StepDuration>
    <StepSpeed>0.535</StepSpeed>
  </Step>
  <Step index="20">
    <RandomizerValueHighest>2.161</RandomizerValueHighest>
    <BestCreationType>Mutation Fill</BestCreationType>
    <BestChanged>1</BestChanged>
    <StepDuration>14820</StepDuration>
    <StepSpeed>0.675</StepSpeed>
  </Step>
  <Step index="21">
    <RandomizerValueHighest>2.221</RandomizerValueHighest>
    <BestCreationType>Mutation Fill</BestCreationType>
    <BestChanged>1</BestChanged>
    <StepDuration>14649</StepDuration>
    <StepSpeed>0.683</StepSpeed>
  </Step>
  <Step index="22">
    <RandomizerValueHighest>2.221</RandomizerValueHighest>
    <BestCreationType>Mutation Fill</BestCreationType>
    <BestChanged>0</BestChanged>
    <StepDuration>19625</StepDuration>
    <StepSpeed>0.510</StepSpeed>
  </Step>
  <Step index="23">
    <RandomizerValueHighest>2.221</RandomizerValueHighest>
    <BestCreationType>Mutation Fill</BestCreationType>
    <BestChanged>0</BestChanged>
    <StepDuration>17144</StepDuration>
    <StepSpeed>0.583</StepSpeed>
  </Step>
  <Step index="24">
    <RandomizerValueHighest>2.379</RandomizerValueHighest>
    <BestCreationType>Mutation Swap</BestCreationType>
    <BestChanged>1</BestChanged>
    <StepDuration>14789</StepDuration>
    <StepSpeed>0.676</StepSpeed>
  </Step>
  <Step index="25">
    <RandomizerValueHighest>2.405</RandomizerValueHighest>
    <BestCreationType>Mutation Fill</BestCreationType>
    <BestChanged>1</BestChanged>
    <StepDuration>89342</StepDuration>
    <StepSpeed>0.112</StepSpeed>
  </Step>
  <Step index="26">
    <RandomizerValueHighest>2.534</RandomizerValueHighest>
    <BestCreationType>Mutation Fill</BestCreationType>
    <BestChanged>1</BestChanged>
    <StepDuration>21949</StepDuration>
    <StepSpeed>0.456</StepSpeed>
  </Step>
  <Step index="27">
    <RandomizerValueHighest>2.589</RandomizerValueHighest>
    <BestCreationType>Mutation Fill</BestCreationType>
    <BestChanged>1</BestChanged>
    <StepDuration>19594</StepDuration>
    <StepSpeed>0.510</StepSpeed>
  </Step>
  <Step index="28">
    <RandomizerValueHighest>2.705</RandomizerValueHighest>
    <BestCreationType>Mutation Fill</BestCreationType>
    <BestChanged>1</BestChanged>
    <StepDuration>17238</StepDuration>
    <StepSpeed>0.580</StepSpeed>
  </Step>
  <Step index="29">
    <RandomizerValueHighest>2.842</RandomizerValueHighest>
    <BestCreationType>Mutation Fill</BestCreationType>
    <BestChanged>1</BestChanged>
    <StepDuration>19750</StepDuration>
    <StepSpeed>0.506</StepSpeed>
  </Step>
  <Step index="30">
    <RandomizerValueHighest>3.003</RandomizerValueHighest>
    <BestCreationType>Mutation Fill</BestCreationType>
    <BestChanged>1</BestChanged>
    <StepDuration>16130</StepDuration>
    <StepSpeed>0.620</StepSpeed>
  </Step>
  <Step index="31">
    <RandomizerValueHighest>3.042</RandomizerValueHighest>
    <BestCreationType>Mutation Fill</BestCreationType>
    <BestChanged>1</BestChanged>
    <StepDuration>21139</StepDuration>
    <StepSpeed>0.473</StepSpeed>
  </Step>
  <Step index="32">
    <RandomizerValueHighest>3.089</RandomizerValueHighest>
    <BestCreationType>Mutation Fill</BestCreationType>
    <BestChanged>1</BestChanged>
    <StepDuration>15132</StepDuration>
    <StepSpeed>0.661</StepSpeed>
  </Step>
  <Step index="33">
    <RandomizerValueHighest>3.211</RandomizerValueHighest>
    <BestCreationType>Mutation Swap</BestCreationType>
    <BestChanged>1</BestChanged>
    <StepDuration>23322</StepDuration>
    <StepSpeed>0.429</StepSpeed>
  </Step>
  <Step index="34">
    <RandomizerValueHighest>3.253</RandomizerValueHighest>
    <BestCreationType>Mutation Fill</BestCreationType>
    <BestChanged>1</BestChanged>
    <StepDuration>15818</StepDuration>
    <StepSpeed>0.632</StepSpeed>
  </Step>
  <Step index="35">
    <RandomizerValueHighest>3.253</RandomizerValueHighest>
    <BestCreationType>Mutation Fill</BestCreationType>
    <BestChanged>0</BestChanged>
    <StepDuration>15850</StepDuration>
    <StepSpeed>0.631</StepSpeed>
  </Step>
  <Step index="36">
    <RandomizerValueHighest>3.437</RandomizerValueHighest>
    <BestCreationType>Mutation Swap</BestCreationType>
    <BestChanged>1</BestChanged>
    <StepDuration>13634</StepDuration>
    <StepSpeed>0.733</StepSpeed>
  </Step>
  <Step index="37">
    <RandomizerValueHighest>3.476</RandomizerValueHighest>
    <BestCreationType>Mutation Fill</BestCreationType>
    <BestChanged>1</BestChanged>
    <StepDuration>16443</StepDuration>
    <StepSpeed>0.608</StepSpeed>
  </Step>
  <Step index="38">
    <RandomizerValueHighest>3.637</RandomizerValueHighest>
    <BestCreationType>Mutation Fill</BestCreationType>
    <BestChanged>1</BestChanged>
    <StepDuration>20249</StepDuration>
    <StepSpeed>0.494</StepSpeed>
  </Step>
  <Step index="39">
    <RandomizerValueHighest>3.753</RandomizerValueHighest>
    <BestCreationType>Mutation Fill</BestCreationType>
    <BestChanged>1</BestChanged>
    <StepDuration>14602</StepDuration>
    <StepSpeed>0.685</StepSpeed>
  </Step>
  <Step index="40">
    <RandomizerValueHighest>3.858</RandomizerValueHighest>
    <BestCreationType>Mutation Fill</BestCreationType>
    <BestChanged>1</BestChanged>
    <StepDuration>18938</StepDuration>
    <StepSpeed>0.528</StepSpeed>
  </Step>
  <Step index="41">
    <RandomizerValueHighest>4.000</RandomizerValueHighest>
    <BestCreationType>Mutation Fill</BestCreationType>
    <BestChanged>1</BestChanged>
    <StepDuration>16458</StepDuration>
    <StepSpeed>0.608</StepSpeed>
  </Step>
  <Step index="42">
    <RandomizerValueHighest>4.000</RandomizerValueHighest>
    <BestCreationType>Mutation Fill</BestCreationType>
    <BestChanged>0</BestChanged>
    <StepDuration>14945</StepDuration>
    <StepSpeed>0.669</StepSpeed>
  </Step>
  <Step index="43">
    <RandomizerValueHighest>4.011</RandomizerValueHighest>
    <BestCreationType>Mutation Fill</BestCreationType>
    <BestChanged>1</BestChanged>
    <StepDuration>14992</StepDuration>
    <StepSpeed>0.667</StepSpeed>
  </Step>
  <Step index="44">
    <RandomizerValueHighest>4.042</RandomizerValueHighest>
    <BestCreationType>Mutation Fill</BestCreationType>
    <BestChanged>1</BestChanged>
    <StepDuration>16208</StepDuration>
    <StepSpeed>0.617</StepSpeed>
  </Step>
  <Step index="45">
    <RandomizerValueHighest>4.079</RandomizerValueHighest>
    <BestCreationType>Mutation Fill</BestCreationType>
    <BestChanged>1</BestChanged>
    <StepDuration>17550</StepDuration>
    <StepSpeed>0.570</StepSpeed>
  </Step>
  <Step index="46">
    <RandomizerValueHighest>4.134</RandomizerValueHighest>
    <BestCreationType>Mutation Swap</BestCreationType>
    <BestChanged>1</BestChanged>
    <StepDuration>15273</StepDuration>
    <StepSpeed>0.655</StepSpeed>
  </Step>
  <Step index="47">
    <RandomizerValueHighest>4.166</RandomizerValueHighest>
    <BestCreationType>Mutation Fill</BestCreationType>
    <BestChanged>1</BestChanged>
    <StepDuration>19687</StepDuration>
    <StepSpeed>0.508</StepSpeed>
  </Step>
  <Step index="48">
    <RandomizerValueHighest>4.237</RandomizerValueHighest>
    <BestCreationType>Mutation Fill</BestCreationType>
    <BestChanged>1</BestChanged>
    <StepDuration>20343</StepDuration>
    <StepSpeed>0.492</StepSpeed>
  </Step>
  <Step index="49">
    <RandomizerValueHighest>4.237</RandomizerValueHighest>
    <BestCreationType>Mutation Fill</BestCreationType>
    <BestChanged>0</BestChanged>
    <StepDuration>19016</StepDuration>
    <StepSpeed>0.526</StepSpeed>
  </Step>
  <Step index="50">
    <RandomizerValueHighest>4.237</RandomizerValueHighest>
    <BestCreationType>Mutation Fill</BestCreationType>
    <BestChanged>0</BestChanged>
    <StepDuration>15944</StepDuration>
    <StepSpeed>0.627</StepSpeed>
  </Step>
  <Step index="51">
    <RandomizerValueHighest>4.245</RandomizerValueHighest>
    <BestCreationType>Mutation Fill</BestCreationType>
    <BestChanged>1</BestChanged>
    <StepDuration>20763</StepDuration>
    <StepSpeed>0.482</StepSpeed>
  </Step>
</History>
</LMRMEARandomizerState>
