<?xml version="1.0"?>
<LMRMEAState fileVersion="1">
<Basic>
  <Step>9</Step>
  <EARandUniform>761425</EARandUniform>
  <EARandGauss>0</EARandGauss>
  <TickTotal>0</TickTotal>
  <EAIndividualID>78</EAIndividualID>
  <TaskRunProcessCount>7</TaskRunProcessCount>
  <MtbExporterProcessCount>0</MtbExporterProcessCount>
</Basic>
<Population count="10">
  <EAIndividual ID="2">
    <CreationType>Mutation Fill</CreationType>
  </EAIndividual>
  <EAIndividual ID="67">
    <CreationType>Mutation Fill</CreationType>
  </EAIndividual>
  <EAIndividual ID="1">
    <CreationType>Data Preset</CreationType>
  </EAIndividual>
  <EAIndividual ID="71">
    <CreationType>Mutation Fill</CreationType>
  </EAIndividual>
  <EAIndividual ID="72">
    <CreationType>Mutation Fill</CreationType>
  </EAIndividual>
  <EAIndividual ID="73">
    <CreationType>Cross Row Random</CreationType>
  </EAIndividual>
  <EAIndividual ID="74">
    <CreationType>Cross Row Random</CreationType>
  </EAIndividual>
  <EAIndividual ID="75">
    <CreationType>Mutation Fill</CreationType>
  </EAIndividual>
  <EAIndividual ID="76">
    <CreationType>Cross Row Half</CreationType>
  </EAIndividual>
  <EAIndividual ID="77">
    <CreationType>Cross Row Half</CreationType>
  </EAIndividual>
  </Population>
<OperationCount>
  <CrossoverCount>2</CrossoverCount>
  <MutationCount>3</MutationCount>
  <BreedCount>0</BreedCount>
  <ReproductionCount>3</ReproductionCount>
  <CrossoverColumnCount>1</CrossoverColumnCount>
  <CrossoverRowCount>15</CrossoverRowCount>
  <CrossoverRowRandomCount>8</CrossoverRowRandomCount>
  <CrossoverRowHalfCount>7</CrossoverRowHalfCount>
  <MutationSwapCount>0</MutationSwapCount>
  <MutationNewCount>3</MutationNewCount>
</OperationCount>
<Statistics>
  <TickInit>0</TickInit>
  <TickDBPrepare>0</TickDBPrepare>
  <TickLaunchExternal>0</TickLaunchExternal>
  <TickResultImport>0</TickResultImport>
  <TickDBRemove>0</TickDBRemove>
  <TickEA>0</TickEA>
  <TickBitStringCache>0</TickBitStringCache>
  <CreationType>
    <Individual creationType="Random">
      <Create>0</Create>
      <Remove>0</Remove>
      <Best>0</Best>
      <Parent>0</Parent>
      <Reproduction>0</Reproduction>
  </Individual>
    <Individual creationType="Cross Col">
      <Create>0</Create>
      <Remove>0</Remove>
      <Best>0</Best>
      <Parent>0</Parent>
      <Reproduction>0</Reproduction>
  </Individual>
    <Individual creationType="Cross Row Random">
      <Create>6</Create>
      <Remove>4</Remove>
      <Best>0</Best>
      <Parent>3</Parent>
      <Reproduction>0</Reproduction>
  </Individual>
    <Individual creationType="Cross Row Half">
      <Create>18</Create>
      <Remove>16</Remove>
      <Best>0</Best>
      <Parent>17</Parent>
      <Reproduction>1</Reproduction>
  </Individual>
    <Individual creationType="Mutation Swap">
      <Create>5</Create>
      <Remove>5</Remove>
      <Best>0</Best>
      <Parent>3</Parent>
      <Reproduction>0</Reproduction>
  </Individual>
    <Individual creationType="Mutation Fill">
      <Create>47</Create>
      <Remove>42</Remove>
      <Best>1</Best>
      <Parent>44</Parent>
      <Reproduction>13</Reproduction>
  </Individual>
    <Individual creationType="Breeding">
      <Create>0</Create>
      <Remove>0</Remove>
      <Best>0</Best>
      <Parent>0</Parent>
      <Reproduction>0</Reproduction>
  </Individual>
    <Individual creationType="Data Preset">
      <Create>1</Create>
      <Remove>0</Remove>
      <Best>0</Best>
      <Parent>9</Parent>
      <Reproduction>9</Reproduction>
  </Individual>
    <Individual creationType="Restored">
      <Create>0</Create>
      <Remove>0</Remove>
      <Best>0</Best>
      <Parent>0</Parent>
      <Reproduction>0</Reproduction>
  </Individual>
  </CreationType>
</Statistics>
<History>
  <Step index="1">
    <FitnessBest>0.418</FitnessBest>
    <FitnessWorst>0.626</FitnessWorst>
    <BestCreationType>Mutation Fill</BestCreationType>
    <BestChanged>1</BestChanged>
    <StepDuration>14306</StepDuration>
    <StepSpeed>0.699</StepSpeed>
  </Step>
  <Step index="2">
    <FitnessBest>0.418</FitnessBest>
    <FitnessWorst>0.626</FitnessWorst>
    <BestCreationType>Mutation Fill</BestCreationType>
    <BestChanged>0</BestChanged>
    <StepDuration>10889</StepDuration>
    <StepSpeed>0.918</StepSpeed>
  </Step>
  <Step index="3">
    <FitnessBest>0.418</FitnessBest>
    <FitnessWorst>0.626</FitnessWorst>
    <BestCreationType>Mutation Fill</BestCreationType>
    <BestChanged>0</BestChanged>
    <StepDuration>10545</StepDuration>
    <StepSpeed>0.948</StepSpeed>
  </Step>
  <Step index="4">
    <FitnessBest>0.418</FitnessBest>
    <FitnessWorst>0.626</FitnessWorst>
    <BestCreationType>Mutation Fill</BestCreationType>
    <BestChanged>0</BestChanged>
    <StepDuration>10530</StepDuration>
    <StepSpeed>0.950</StepSpeed>
  </Step>
  <Step index="5">
    <FitnessBest>0.418</FitnessBest>
    <FitnessWorst>0.626</FitnessWorst>
    <BestCreationType>Mutation Fill</BestCreationType>
    <BestChanged>0</BestChanged>
    <StepDuration>9891</StepDuration>
    <StepSpeed>1.011</StepSpeed>
  </Step>
  <Step index="6">
    <FitnessBest>0.418</FitnessBest>
    <FitnessWorst>0.835</FitnessWorst>
    <BestCreationType>Mutation Fill</BestCreationType>
    <BestChanged>0</BestChanged>
    <StepDuration>8876</StepDuration>
    <StepSpeed>1.127</StepSpeed>
  </Step>
  <Step index="7">
    <FitnessBest>0.418</FitnessBest>
    <FitnessWorst>0.627</FitnessWorst>
    <BestCreationType>Mutation Fill</BestCreationType>
    <BestChanged>0</BestChanged>
    <StepDuration>10624</StepDuration>
    <StepSpeed>0.941</StepSpeed>
  </Step>
  <Step index="8">
    <FitnessBest>0.418</FitnessBest>
    <FitnessWorst>0.626</FitnessWorst>
    <BestCreationType>Mutation Fill</BestCreationType>
    <BestChanged>0</BestChanged>
    <StepDuration>10670</StepDuration>
    <StepSpeed>0.937</StepSpeed>
  </Step>
  <Step index="9">
    <FitnessBest>0.418</FitnessBest>
    <FitnessWorst>0.626</FitnessWorst>
    <BestCreationType>Mutation Fill</BestCreationType>
    <BestChanged>0</BestChanged>
    <StepDuration>10031</StepDuration>
    <StepSpeed>0.997</StepSpeed>
  </Step>
</History>
</LMRMEAState>
