<?xml version="1.0"?>
<LMRMEAState fileVersion="1">
<Basic>
  <Step>1</Step>
  <EARandUniform>1685</EARandUniform>
  <EARandGauss>0</EARandGauss>
  <TickTotal>0</TickTotal>
  <EAIndividualID>11</EAIndividualID>
  <TaskRunProcessCount>0</TaskRunProcessCount>
  <MtbExporterProcessCount>0</MtbExporterProcessCount>
</Basic>
<Population count="10">
  <EAIndividual ID="2">
    <CreationType>Data Preset</CreationType>
  </EAIndividual>
  <EAIndividual ID="3">
    <CreationType>Mutation Fill</CreationType>
  </EAIndividual>
  <EAIndividual ID="6">
    <CreationType>Mutation Fill</CreationType>
  </EAIndividual>
  <EAIndividual ID="7">
    <CreationType>Mutation Fill</CreationType>
  </EAIndividual>
  <EAIndividual ID="8">
    <CreationType>Mutation Fill</CreationType>
  </EAIndividual>
  <EAIndividual ID="9">
    <CreationType>Mutation Fill</CreationType>
  </EAIndividual>
  <EAIndividual ID="10">
    <CreationType>Mutation Fill</CreationType>
  </EAIndividual>
  <EAIndividual ID="4">
    <CreationType>Mutation Fill</CreationType>
  </EAIndividual>
  <EAIndividual ID="5">
    <CreationType>Mutation Fill</CreationType>
  </EAIndividual>
  <EAIndividual ID="1">
    <CreationType>Data Preset</CreationType>
  </EAIndividual>
  </Population>
<OperationCount>
  <CrossoverCount>1852795252</CrossoverCount>
  <MutationCount>1131898198</MutationCount>
  <BreedCount>1953396079</BreedCount>
  <ReproductionCount>2105406</ReproductionCount>
  <CrossoverColumnCount>905969718</CrossoverColumnCount>
  <CrossoverRowCount>4132666</CrossoverRowCount>
  <CrossoverRowRandomCount>240459496</CrossoverRowRandomCount>
  <CrossoverRowHalfCount>240442712</CrossoverRowHalfCount>
  <MutationSwapCount>1635083369</MutationSwapCount>
  <MutationNewCount>538984055</MutationNewCount>
</OperationCount>
<Statistics>
  <TickInit>0</TickInit>
  <TickDBPrepare>0</TickDBPrepare>
  <TickLaunchExternal>0</TickLaunchExternal>
  <TickResultImport>0</TickResultImport>
  <TickDBRemove>0</TickDBRemove>
  <TickEA>0</TickEA>
  <TickBitStringCache>0</TickBitStringCache>
  <CreationType>
    <Individual creationType="Random">
      <Create>0</Create>
      <Remove>0</Remove>
      <Best>0</Best>
      <Parent>0</Parent>
      <Reproduction>0</Reproduction>
  </Individual>
    <Individual creationType="Cross Col">
      <Create>0</Create>
      <Remove>0</Remove>
      <Best>0</Best>
      <Parent>0</Parent>
      <Reproduction>0</Reproduction>
  </Individual>
    <Individual creationType="Cross Row Random">
      <Create>0</Create>
      <Remove>0</Remove>
      <Best>0</Best>
      <Parent>0</Parent>
      <Reproduction>0</Reproduction>
  </Individual>
    <Individual creationType="Cross Row Half">
      <Create>0</Create>
      <Remove>0</Remove>
      <Best>0</Best>
      <Parent>0</Parent>
      <Reproduction>0</Reproduction>
  </Individual>
    <Individual creationType="Mutation Swap">
      <Create>0</Create>
      <Remove>0</Remove>
      <Best>0</Best>
      <Parent>0</Parent>
      <Reproduction>0</Reproduction>
  </Individual>
    <Individual creationType="Mutation Fill">
      <Create>8</Create>
      <Remove>0</Remove>
      <Best>0</Best>
      <Parent>0</Parent>
      <Reproduction>0</Reproduction>
  </Individual>
    <Individual creationType="Breeding">
      <Create>0</Create>
      <Remove>0</Remove>
      <Best>0</Best>
      <Parent>0</Parent>
      <Reproduction>0</Reproduction>
  </Individual>
    <Individual creationType="Data Preset">
      <Create>2</Create>
      <Remove>0</Remove>
      <Best>1</Best>
      <Parent>11</Parent>
      <Reproduction>0</Reproduction>
  </Individual>
    <Individual creationType="Restored">
      <Create>0</Create>
      <Remove>0</Remove>
      <Best>0</Best>
      <Parent>0</Parent>
      <Reproduction>0</Reproduction>
  </Individual>
  </CreationType>
</Statistics>
<History>
  <Step index="1">
    <FitnessBest>0.000</FitnessBest>
    <FitnessWorst>5.644</FitnessWorst>
    <BestCreationType>Data Preset</BestCreationType>
    <BestChanged>1</BestChanged>
    <StepDuration>12137</StepDuration>
    <StepSpeed>0.824</StepSpeed>
  </Step>
</History>
</LMRMEAState>
