<?xml version="1.0"?>
<LMRMEAState fileVersion="1">
<Basic>
  <Step>153</Step>
  <EARandUniform>138615</EARandUniform>
  <EARandGauss>0</EARandGauss>
  <TickTotal>0</TickTotal>
  <EAIndividualID>6699</EAIndividualID>
  <TaskRunProcessCount>0</TaskRunProcessCount>
  <MtbExporterProcessCount>0</MtbExporterProcessCount>
</Basic>
<Population count="50">
  <EAIndividual ID="6659">
    <CreationType>Mutation Fill</CreationType>
  </EAIndividual>
  <EAIndividual ID="6661">
    <CreationType>Mutation Fill</CreationType>
  </EAIndividual>
  <EAIndividual ID="6687">
    <CreationType>Mutation Fill</CreationType>
  </EAIndividual>
  <EAIndividual ID="6562">
    <CreationType>Cross Row Half</CreationType>
  </EAIndividual>
  <EAIndividual ID="6586">
    <CreationType>Cross Row Half</CreationType>
  </EAIndividual>
  <EAIndividual ID="6641">
    <CreationType>Cross Row Half</CreationType>
  </EAIndividual>
  <EAIndividual ID="6654">
    <CreationType>Cross Row Half</CreationType>
  </EAIndividual>
  <EAIndividual ID="6657">
    <CreationType>Mutation Swap</CreationType>
  </EAIndividual>
  <EAIndividual ID="6663">
    <CreationType>Cross Row Half</CreationType>
  </EAIndividual>
  <EAIndividual ID="6664">
    <CreationType>Mutation Fill</CreationType>
  </EAIndividual>
  <EAIndividual ID="6665">
    <CreationType>Cross Row Half</CreationType>
  </EAIndividual>
  <EAIndividual ID="6666">
    <CreationType>Cross Row Half</CreationType>
  </EAIndividual>
  <EAIndividual ID="6669">
    <CreationType>Mutation Swap</CreationType>
  </EAIndividual>
  <EAIndividual ID="6677">
    <CreationType>Mutation Swap</CreationType>
  </EAIndividual>
  <EAIndividual ID="6683">
    <CreationType>Mutation Fill</CreationType>
  </EAIndividual>
  <EAIndividual ID="6688">
    <CreationType>Mutation Swap</CreationType>
  </EAIndividual>
  <EAIndividual ID="6694">
    <CreationType>Mutation Swap</CreationType>
  </EAIndividual>
  <EAIndividual ID="6662">
    <CreationType>Cross Row Half</CreationType>
  </EAIndividual>
  <EAIndividual ID="6696">
    <CreationType>Mutation Fill</CreationType>
  </EAIndividual>
  <EAIndividual ID="6658">
    <CreationType>Mutation Swap</CreationType>
  </EAIndividual>
  <EAIndividual ID="6675">
    <CreationType>Mutation Fill</CreationType>
  </EAIndividual>
  <EAIndividual ID="6604">
    <CreationType>Cross Row Half</CreationType>
  </EAIndividual>
  <EAIndividual ID="6656">
    <CreationType>Mutation Fill</CreationType>
  </EAIndividual>
  <EAIndividual ID="6653">
    <CreationType>Mutation Fill</CreationType>
  </EAIndividual>
  <EAIndividual ID="6655">
    <CreationType>Cross Row Half</CreationType>
  </EAIndividual>
  <EAIndividual ID="6678">
    <CreationType>Mutation Swap</CreationType>
  </EAIndividual>
  <EAIndividual ID="6679">
    <CreationType>Mutation Fill</CreationType>
  </EAIndividual>
  <EAIndividual ID="6682">
    <CreationType>Mutation Fill</CreationType>
  </EAIndividual>
  <EAIndividual ID="6695">
    <CreationType>Mutation Fill</CreationType>
  </EAIndividual>
  <EAIndividual ID="6698">
    <CreationType>Mutation Swap</CreationType>
  </EAIndividual>
  <EAIndividual ID="6684">
    <CreationType>Mutation Fill</CreationType>
  </EAIndividual>
  <EAIndividual ID="6685">
    <CreationType>Mutation Swap</CreationType>
  </EAIndividual>
  <EAIndividual ID="6673">
    <CreationType>Mutation Swap</CreationType>
  </EAIndividual>
  <EAIndividual ID="6681">
    <CreationType>Mutation Swap</CreationType>
  </EAIndividual>
  <EAIndividual ID="6692">
    <CreationType>Mutation Fill</CreationType>
  </EAIndividual>
  <EAIndividual ID="6674">
    <CreationType>Mutation Swap</CreationType>
  </EAIndividual>
  <EAIndividual ID="6693">
    <CreationType>Mutation Swap</CreationType>
  </EAIndividual>
  <EAIndividual ID="6689">
    <CreationType>Mutation Swap</CreationType>
  </EAIndividual>
  <EAIndividual ID="6668">
    <CreationType>Mutation Swap</CreationType>
  </EAIndividual>
  <EAIndividual ID="6667">
    <CreationType>Mutation Swap</CreationType>
  </EAIndividual>
  <EAIndividual ID="6671">
    <CreationType>Mutation Swap</CreationType>
  </EAIndividual>
  <EAIndividual ID="6686">
    <CreationType>Mutation Swap</CreationType>
  </EAIndividual>
  <EAIndividual ID="6680">
    <CreationType>Mutation Swap</CreationType>
  </EAIndividual>
  <EAIndividual ID="6691">
    <CreationType>Mutation Swap</CreationType>
  </EAIndividual>
  <EAIndividual ID="6697">
    <CreationType>Mutation Swap</CreationType>
  </EAIndividual>
  <EAIndividual ID="6672">
    <CreationType>Mutation Swap</CreationType>
  </EAIndividual>
  <EAIndividual ID="6676">
    <CreationType>Mutation Swap</CreationType>
  </EAIndividual>
  <EAIndividual ID="6660">
    <CreationType>Mutation Swap</CreationType>
  </EAIndividual>
  <EAIndividual ID="6690">
    <CreationType>Mutation Swap</CreationType>
  </EAIndividual>
  <EAIndividual ID="6670">
    <CreationType>Mutation Swap</CreationType>
  </EAIndividual>
  </Population>
<OperationCount>
  <CrossoverCount>3</CrossoverCount>
  <MutationCount>40</MutationCount>
  <BreedCount>0</BreedCount>
  <ReproductionCount>4</ReproductionCount>
  <CrossoverColumnCount>30</CrossoverColumnCount>
  <CrossoverRowCount>15</CrossoverRowCount>
  <CrossoverRowRandomCount>0</CrossoverRowRandomCount>
  <CrossoverRowHalfCount>15</CrossoverRowHalfCount>
  <MutationSwapCount>26</MutationSwapCount>
  <MutationModifyCount>0</MutationModifyCount>
  <MutationNewCount>17</MutationNewCount>
</OperationCount>
<Statistics>
  <TickInit>0</TickInit>
  <TickDBPrepare>0</TickDBPrepare>
  <TickLaunchExternal>0</TickLaunchExternal>
  <TickResultImport>0</TickResultImport>
  <TickDBRemove>0</TickDBRemove>
  <TickEA>0</TickEA>
  <TickBitStringCache>0</TickBitStringCache>
  <CreationType>
    <Individual creationType="Random">
      <Create>0</Create>
      <Remove>0</Remove>
      <Best>0</Best>
      <Parent>0</Parent>
      <Reproduction>0</Reproduction>
  </Individual>
    <Individual creationType="Cross Col">
      <Create>206</Create>
      <Remove>206</Remove>
      <Best>8</Best>
      <Parent>455</Parent>
      <Reproduction>36</Reproduction>
  </Individual>
    <Individual creationType="Cross Row Random">
      <Create>0</Create>
      <Remove>0</Remove>
      <Best>0</Best>
      <Parent>0</Parent>
      <Reproduction>0</Reproduction>
  </Individual>
    <Individual creationType="Cross Row Half">
      <Create>2376</Create>
      <Remove>2366</Remove>
      <Best>60</Best>
      <Parent>4540</Parent>
      <Reproduction>476</Reproduction>
  </Individual>
    <Individual creationType="Mutation Swap">
      <Create>2172</Create>
      <Remove>2146</Remove>
      <Best>29</Best>
      <Parent>1139</Parent>
      <Reproduction>191</Reproduction>
  </Individual>
    <Individual creationType="Mutation Modify">
      <Create>0</Create>
      <Remove>0</Remove>
      <Best>0</Best>
      <Parent>0</Parent>
      <Reproduction>0</Reproduction>
  </Individual>
    <Individual creationType="Mutation Fill">
      <Create>1936</Create>
      <Remove>1922</Remove>
      <Best>43</Best>
      <Parent>2701</Parent>
      <Reproduction>248</Reproduction>
  </Individual>
    <Individual creationType="Breeding">
      <Create>7</Create>
      <Remove>7</Remove>
      <Best>0</Best>
      <Parent>15</Parent>
      <Reproduction>1</Reproduction>
  </Individual>
    <Individual creationType="Data Preset">
      <Create>1</Create>
      <Remove>1</Remove>
      <Best>0</Best>
      <Parent>54</Parent>
      <Reproduction>0</Reproduction>
  </Individual>
    <Individual creationType="Restored">
      <Create>0</Create>
      <Remove>0</Remove>
      <Best>0</Best>
      <Parent>0</Parent>
      <Reproduction>0</Reproduction>
  </Individual>
  </CreationType>
</Statistics>
<History>
  <Step index="1">
    <FitnessBest>2.362</FitnessBest>
    <FitnessWorst>2.519</FitnessWorst>
    <BestCreationType>Mutation Swap</BestCreationType>
    <BestChanged>1</BestChanged>
    <StepDuration>15125</StepDuration>
    <StepSpeed>3.306</StepSpeed>
  </Step>
  <Step index="2">
    <FitnessBest>2.342</FitnessBest>
    <FitnessWorst>2.458</FitnessWorst>
    <BestCreationType>Cross Row Half</BestCreationType>
    <BestChanged>1</BestChanged>
    <StepDuration>13422</StepDuration>
    <StepSpeed>3.725</StepSpeed>
  </Step>
  <Step index="3">
    <FitnessBest>2.267</FitnessBest>
    <FitnessWorst>2.455</FitnessWorst>
    <BestCreationType>Mutation Swap</BestCreationType>
    <BestChanged>1</BestChanged>
    <StepDuration>13047</StepDuration>
    <StepSpeed>3.832</StepSpeed>
  </Step>
  <Step index="4">
    <FitnessBest>2.238</FitnessBest>
    <FitnessWorst>2.474</FitnessWorst>
    <BestCreationType>Mutation Swap</BestCreationType>
    <BestChanged>1</BestChanged>
    <StepDuration>12625</StepDuration>
    <StepSpeed>3.960</StepSpeed>
  </Step>
  <Step index="5">
    <FitnessBest>2.171</FitnessBest>
    <FitnessWorst>2.402</FitnessWorst>
    <BestCreationType>Cross Row Half</BestCreationType>
    <BestChanged>1</BestChanged>
    <StepDuration>13781</StepDuration>
    <StepSpeed>3.628</StepSpeed>
  </Step>
  <Step index="6">
    <FitnessBest>2.099</FitnessBest>
    <FitnessWorst>2.393</FitnessWorst>
    <BestCreationType>Cross Row Half</BestCreationType>
    <BestChanged>1</BestChanged>
    <StepDuration>13016</StepDuration>
    <StepSpeed>3.841</StepSpeed>
  </Step>
  <Step index="7">
    <FitnessBest>2.088</FitnessBest>
    <FitnessWorst>2.260</FitnessWorst>
    <BestCreationType>Mutation Fill</BestCreationType>
    <BestChanged>1</BestChanged>
    <StepDuration>13937</StepDuration>
    <StepSpeed>3.588</StepSpeed>
  </Step>
  <Step index="8">
    <FitnessBest>2.080</FitnessBest>
    <FitnessWorst>2.203</FitnessWorst>
    <BestCreationType>Mutation Fill</BestCreationType>
    <BestChanged>1</BestChanged>
    <StepDuration>13079</StepDuration>
    <StepSpeed>3.823</StepSpeed>
  </Step>
  <Step index="9">
    <FitnessBest>1.984</FitnessBest>
    <FitnessWorst>2.181</FitnessWorst>
    <BestCreationType>Mutation Swap</BestCreationType>
    <BestChanged>1</BestChanged>
    <StepDuration>12812</StepDuration>
    <StepSpeed>3.903</StepSpeed>
  </Step>
  <Step index="10">
    <FitnessBest>1.937</FitnessBest>
    <FitnessWorst>2.181</FitnessWorst>
    <BestCreationType>Mutation Swap</BestCreationType>
    <BestChanged>1</BestChanged>
    <StepDuration>12750</StepDuration>
    <StepSpeed>3.922</StepSpeed>
  </Step>
  <Step index="11">
    <FitnessBest>1.914</FitnessBest>
    <FitnessWorst>2.181</FitnessWorst>
    <BestCreationType>Mutation Swap</BestCreationType>
    <BestChanged>1</BestChanged>
    <StepDuration>12938</StepDuration>
    <StepSpeed>3.865</StepSpeed>
  </Step>
  <Step index="12">
    <FitnessBest>1.866</FitnessBest>
    <FitnessWorst>2.181</FitnessWorst>
    <BestCreationType>Cross Row Half</BestCreationType>
    <BestChanged>1</BestChanged>
    <StepDuration>13171</StepDuration>
    <StepSpeed>3.796</StepSpeed>
  </Step>
  <Step index="13">
    <FitnessBest>1.827</FitnessBest>
    <FitnessWorst>2.181</FitnessWorst>
    <BestCreationType>Mutation Swap</BestCreationType>
    <BestChanged>1</BestChanged>
    <StepDuration>13594</StepDuration>
    <StepSpeed>3.678</StepSpeed>
  </Step>
  <Step index="14">
    <FitnessBest>1.814</FitnessBest>
    <FitnessWorst>2.181</FitnessWorst>
    <BestCreationType>Mutation Fill</BestCreationType>
    <BestChanged>1</BestChanged>
    <StepDuration>12500</StepDuration>
    <StepSpeed>4.000</StepSpeed>
  </Step>
  <Step index="15">
    <FitnessBest>1.776</FitnessBest>
    <FitnessWorst>2.181</FitnessWorst>
    <BestCreationType>Mutation Swap</BestCreationType>
    <BestChanged>1</BestChanged>
    <StepDuration>12860</StepDuration>
    <StepSpeed>3.888</StepSpeed>
  </Step>
  <Step index="16">
    <FitnessBest>1.757</FitnessBest>
    <FitnessWorst>2.181</FitnessWorst>
    <BestCreationType>Cross Row Half</BestCreationType>
    <BestChanged>1</BestChanged>
    <StepDuration>12890</StepDuration>
    <StepSpeed>3.879</StepSpeed>
  </Step>
  <Step index="17">
    <FitnessBest>1.756</FitnessBest>
    <FitnessWorst>2.181</FitnessWorst>
    <BestCreationType>Cross Row Half</BestCreationType>
    <BestChanged>1</BestChanged>
    <StepDuration>12250</StepDuration>
    <StepSpeed>4.082</StepSpeed>
  </Step>
  <Step index="18">
    <FitnessBest>1.700</FitnessBest>
    <FitnessWorst>2.181</FitnessWorst>
    <BestCreationType>Mutation Swap</BestCreationType>
    <BestChanged>1</BestChanged>
    <StepDuration>12250</StepDuration>
    <StepSpeed>4.082</StepSpeed>
  </Step>
  <Step index="19">
    <FitnessBest>1.671</FitnessBest>
    <FitnessWorst>2.181</FitnessWorst>
    <BestCreationType>Cross Row Half</BestCreationType>
    <BestChanged>1</BestChanged>
    <StepDuration>12547</StepDuration>
    <StepSpeed>3.985</StepSpeed>
  </Step>
  <Step index="20">
    <FitnessBest>1.625</FitnessBest>
    <FitnessWorst>2.181</FitnessWorst>
    <BestCreationType>Mutation Swap</BestCreationType>
    <BestChanged>1</BestChanged>
    <StepDuration>12641</StepDuration>
    <StepSpeed>3.955</StepSpeed>
  </Step>
  <Step index="21">
    <FitnessBest>1.625</FitnessBest>
    <FitnessWorst>2.181</FitnessWorst>
    <BestCreationType>Mutation Swap</BestCreationType>
    <BestChanged>0</BestChanged>
    <StepDuration>13234</StepDuration>
    <StepSpeed>3.778</StepSpeed>
  </Step>
  <Step index="22">
    <FitnessBest>1.594</FitnessBest>
    <FitnessWorst>2.181</FitnessWorst>
    <BestCreationType>Cross Row Half</BestCreationType>
    <BestChanged>1</BestChanged>
    <StepDuration>13281</StepDuration>
    <StepSpeed>3.765</StepSpeed>
  </Step>
  <Step index="23">
    <FitnessBest>1.574</FitnessBest>
    <FitnessWorst>2.181</FitnessWorst>
    <BestCreationType>Mutation Swap</BestCreationType>
    <BestChanged>1</BestChanged>
    <StepDuration>12063</StepDuration>
    <StepSpeed>4.145</StepSpeed>
  </Step>
  <Step index="24">
    <FitnessBest>1.525</FitnessBest>
    <FitnessWorst>2.181</FitnessWorst>
    <BestCreationType>Cross Row Half</BestCreationType>
    <BestChanged>1</BestChanged>
    <StepDuration>13203</StepDuration>
    <StepSpeed>3.787</StepSpeed>
  </Step>
  <Step index="25">
    <FitnessBest>1.525</FitnessBest>
    <FitnessWorst>2.181</FitnessWorst>
    <BestCreationType>Cross Row Half</BestCreationType>
    <BestChanged>0</BestChanged>
    <StepDuration>12703</StepDuration>
    <StepSpeed>3.936</StepSpeed>
  </Step>
  <Step index="26">
    <FitnessBest>1.484</FitnessBest>
    <FitnessWorst>2.181</FitnessWorst>
    <BestCreationType>Cross Row Half</BestCreationType>
    <BestChanged>1</BestChanged>
    <StepDuration>12109</StepDuration>
    <StepSpeed>4.129</StepSpeed>
  </Step>
  <Step index="27">
    <FitnessBest>1.463</FitnessBest>
    <FitnessWorst>2.181</FitnessWorst>
    <BestCreationType>Mutation Swap</BestCreationType>
    <BestChanged>1</BestChanged>
    <StepDuration>13594</StepDuration>
    <StepSpeed>3.678</StepSpeed>
  </Step>
  <Step index="28">
    <FitnessBest>1.416</FitnessBest>
    <FitnessWorst>2.181</FitnessWorst>
    <BestCreationType>Cross Row Half</BestCreationType>
    <BestChanged>1</BestChanged>
    <StepDuration>13250</StepDuration>
    <StepSpeed>3.774</StepSpeed>
  </Step>
  <Step index="29">
    <FitnessBest>1.363</FitnessBest>
    <FitnessWorst>2.181</FitnessWorst>
    <BestCreationType>Cross Row Half</BestCreationType>
    <BestChanged>1</BestChanged>
    <StepDuration>12485</StepDuration>
    <StepSpeed>4.005</StepSpeed>
  </Step>
  <Step index="30">
    <FitnessBest>1.359</FitnessBest>
    <FitnessWorst>2.181</FitnessWorst>
    <BestCreationType>Mutation Fill</BestCreationType>
    <BestChanged>1</BestChanged>
    <StepDuration>12625</StepDuration>
    <StepSpeed>3.960</StepSpeed>
  </Step>
  <Step index="31">
    <FitnessBest>1.334</FitnessBest>
    <FitnessWorst>2.181</FitnessWorst>
    <BestCreationType>Cross Row Half</BestCreationType>
    <BestChanged>1</BestChanged>
    <StepDuration>12937</StepDuration>
    <StepSpeed>3.865</StepSpeed>
  </Step>
  <Step index="32">
    <FitnessBest>1.306</FitnessBest>
    <FitnessWorst>2.181</FitnessWorst>
    <BestCreationType>Mutation Swap</BestCreationType>
    <BestChanged>1</BestChanged>
    <StepDuration>13203</StepDuration>
    <StepSpeed>3.787</StepSpeed>
  </Step>
  <Step index="33">
    <FitnessBest>1.293</FitnessBest>
    <FitnessWorst>2.181</FitnessWorst>
    <BestCreationType>Cross Row Half</BestCreationType>
    <BestChanged>1</BestChanged>
    <StepDuration>12797</StepDuration>
    <StepSpeed>3.907</StepSpeed>
  </Step>
  <Step index="34">
    <FitnessBest>1.279</FitnessBest>
    <FitnessWorst>2.181</FitnessWorst>
    <BestCreationType>Cross Col</BestCreationType>
    <BestChanged>1</BestChanged>
    <StepDuration>12766</StepDuration>
    <StepSpeed>3.917</StepSpeed>
  </Step>
  <Step index="35">
    <FitnessBest>1.262</FitnessBest>
    <FitnessWorst>2.181</FitnessWorst>
    <BestCreationType>Mutation Swap</BestCreationType>
    <BestChanged>1</BestChanged>
    <StepDuration>12625</StepDuration>
    <StepSpeed>3.960</StepSpeed>
  </Step>
  <Step index="36">
    <FitnessBest>1.251</FitnessBest>
    <FitnessWorst>2.181</FitnessWorst>
    <BestCreationType>Cross Row Half</BestCreationType>
    <BestChanged>1</BestChanged>
    <StepDuration>13203</StepDuration>
    <StepSpeed>3.787</StepSpeed>
  </Step>
  <Step index="37">
    <FitnessBest>1.236</FitnessBest>
    <FitnessWorst>2.181</FitnessWorst>
    <BestCreationType>Cross Row Half</BestCreationType>
    <BestChanged>1</BestChanged>
    <StepDuration>14078</StepDuration>
    <StepSpeed>3.552</StepSpeed>
  </Step>
  <Step index="38">
    <FitnessBest>1.191</FitnessBest>
    <FitnessWorst>2.181</FitnessWorst>
    <BestCreationType>Mutation Swap</BestCreationType>
    <BestChanged>1</BestChanged>
    <StepDuration>12906</StepDuration>
    <StepSpeed>3.874</StepSpeed>
  </Step>
  <Step index="39">
    <FitnessBest>1.173</FitnessBest>
    <FitnessWorst>2.181</FitnessWorst>
    <BestCreationType>Cross Col</BestCreationType>
    <BestChanged>1</BestChanged>
    <StepDuration>13938</StepDuration>
    <StepSpeed>3.587</StepSpeed>
  </Step>
  <Step index="40">
    <FitnessBest>1.164</FitnessBest>
    <FitnessWorst>2.181</FitnessWorst>
    <BestCreationType>Cross Row Half</BestCreationType>
    <BestChanged>1</BestChanged>
    <StepDuration>13265</StepDuration>
    <StepSpeed>3.769</StepSpeed>
  </Step>
  <Step index="41">
    <FitnessBest>1.147</FitnessBest>
    <FitnessWorst>2.181</FitnessWorst>
    <BestCreationType>Mutation Fill</BestCreationType>
    <BestChanged>1</BestChanged>
    <StepDuration>13282</StepDuration>
    <StepSpeed>3.764</StepSpeed>
  </Step>
  <Step index="42">
    <FitnessBest>1.136</FitnessBest>
    <FitnessWorst>2.181</FitnessWorst>
    <BestCreationType>Cross Row Half</BestCreationType>
    <BestChanged>1</BestChanged>
    <StepDuration>14078</StepDuration>
    <StepSpeed>3.552</StepSpeed>
  </Step>
  <Step index="43">
    <FitnessBest>1.076</FitnessBest>
    <FitnessWorst>1.353</FitnessWorst>
    <BestCreationType>Cross Row Half</BestCreationType>
    <BestChanged>1</BestChanged>
    <StepDuration>14297</StepDuration>
    <StepSpeed>3.497</StepSpeed>
  </Step>
  <Step index="44">
    <FitnessBest>1.059</FitnessBest>
    <FitnessWorst>1.281</FitnessWorst>
    <BestCreationType>Cross Row Half</BestCreationType>
    <BestChanged>1</BestChanged>
    <StepDuration>13984</StepDuration>
    <StepSpeed>3.576</StepSpeed>
  </Step>
  <Step index="45">
    <FitnessBest>1.050</FitnessBest>
    <FitnessWorst>1.213</FitnessWorst>
    <BestCreationType>Mutation Fill</BestCreationType>
    <BestChanged>1</BestChanged>
    <StepDuration>13656</StepDuration>
    <StepSpeed>3.661</StepSpeed>
  </Step>
  <Step index="46">
    <FitnessBest>1.044</FitnessBest>
    <FitnessWorst>1.291</FitnessWorst>
    <BestCreationType>Mutation Fill</BestCreationType>
    <BestChanged>1</BestChanged>
    <StepDuration>13360</StepDuration>
    <StepSpeed>3.743</StepSpeed>
  </Step>
  <Step index="47">
    <FitnessBest>1.008</FitnessBest>
    <FitnessWorst>1.335</FitnessWorst>
    <BestCreationType>Mutation Swap</BestCreationType>
    <BestChanged>1</BestChanged>
    <StepDuration>13703</StepDuration>
    <StepSpeed>3.649</StepSpeed>
  </Step>
  <Step index="48">
    <FitnessBest>0.987</FitnessBest>
    <FitnessWorst>1.142</FitnessWorst>
    <BestCreationType>Cross Row Half</BestCreationType>
    <BestChanged>1</BestChanged>
    <StepDuration>13328</StepDuration>
    <StepSpeed>3.752</StepSpeed>
  </Step>
  <Step index="49">
    <FitnessBest>0.982</FitnessBest>
    <FitnessWorst>1.276</FitnessWorst>
    <BestCreationType>Mutation Fill</BestCreationType>
    <BestChanged>1</BestChanged>
    <StepDuration>13422</StepDuration>
    <StepSpeed>3.725</StepSpeed>
  </Step>
  <Step index="50">
    <FitnessBest>0.978</FitnessBest>
    <FitnessWorst>1.175</FitnessWorst>
    <BestCreationType>Mutation Fill</BestCreationType>
    <BestChanged>1</BestChanged>
    <StepDuration>13234</StepDuration>
    <StepSpeed>3.778</StepSpeed>
  </Step>
  <Step index="51">
    <FitnessBest>0.959</FitnessBest>
    <FitnessWorst>1.155</FitnessWorst>
    <BestCreationType>Mutation Fill</BestCreationType>
    <BestChanged>1</BestChanged>
    <StepDuration>13641</StepDuration>
    <StepSpeed>3.665</StepSpeed>
  </Step>
  <Step index="52">
    <FitnessBest>0.955</FitnessBest>
    <FitnessWorst>1.196</FitnessWorst>
    <BestCreationType>Mutation Swap</BestCreationType>
    <BestChanged>1</BestChanged>
    <StepDuration>13453</StepDuration>
    <StepSpeed>3.717</StepSpeed>
  </Step>
  <Step index="53">
    <FitnessBest>0.936</FitnessBest>
    <FitnessWorst>1.176</FitnessWorst>
    <BestCreationType>Mutation Fill</BestCreationType>
    <BestChanged>1</BestChanged>
    <StepDuration>13531</StepDuration>
    <StepSpeed>3.695</StepSpeed>
  </Step>
  <Step index="54">
    <FitnessBest>0.933</FitnessBest>
    <FitnessWorst>1.416</FitnessWorst>
    <BestCreationType>Mutation Fill</BestCreationType>
    <BestChanged>1</BestChanged>
    <StepDuration>13156</StepDuration>
    <StepSpeed>3.801</StepSpeed>
  </Step>
  <Step index="55">
    <FitnessBest>0.900</FitnessBest>
    <FitnessWorst>1.158</FitnessWorst>
    <BestCreationType>Mutation Swap</BestCreationType>
    <BestChanged>1</BestChanged>
    <StepDuration>13438</StepDuration>
    <StepSpeed>3.721</StepSpeed>
  </Step>
  <Step index="56">
    <FitnessBest>0.882</FitnessBest>
    <FitnessWorst>1.074</FitnessWorst>
    <BestCreationType>Cross Row Half</BestCreationType>
    <BestChanged>1</BestChanged>
    <StepDuration>14406</StepDuration>
    <StepSpeed>3.471</StepSpeed>
  </Step>
  <Step index="57">
    <FitnessBest>0.848</FitnessBest>
    <FitnessWorst>1.173</FitnessWorst>
    <BestCreationType>Cross Row Half</BestCreationType>
    <BestChanged>1</BestChanged>
    <StepDuration>13297</StepDuration>
    <StepSpeed>3.760</StepSpeed>
  </Step>
  <Step index="58">
    <FitnessBest>0.822</FitnessBest>
    <FitnessWorst>1.110</FitnessWorst>
    <BestCreationType>Cross Row Half</BestCreationType>
    <BestChanged>1</BestChanged>
    <StepDuration>14328</StepDuration>
    <StepSpeed>3.490</StepSpeed>
  </Step>
  <Step index="59">
    <FitnessBest>0.814</FitnessBest>
    <FitnessWorst>1.168</FitnessWorst>
    <BestCreationType>Mutation Fill</BestCreationType>
    <BestChanged>1</BestChanged>
    <StepDuration>13609</StepDuration>
    <StepSpeed>3.674</StepSpeed>
  </Step>
  <Step index="60">
    <FitnessBest>0.807</FitnessBest>
    <FitnessWorst>1.157</FitnessWorst>
    <BestCreationType>Mutation Fill</BestCreationType>
    <BestChanged>1</BestChanged>
    <StepDuration>13688</StepDuration>
    <StepSpeed>3.653</StepSpeed>
  </Step>
  <Step index="61">
    <FitnessBest>0.796</FitnessBest>
    <FitnessWorst>1.156</FitnessWorst>
    <BestCreationType>Cross Col</BestCreationType>
    <BestChanged>1</BestChanged>
    <StepDuration>12953</StepDuration>
    <StepSpeed>3.860</StepSpeed>
  </Step>
  <Step index="62">
    <FitnessBest>0.787</FitnessBest>
    <FitnessWorst>1.018</FitnessWorst>
    <BestCreationType>Cross Row Half</BestCreationType>
    <BestChanged>1</BestChanged>
    <StepDuration>12766</StepDuration>
    <StepSpeed>3.917</StepSpeed>
  </Step>
  <Step index="63">
    <FitnessBest>0.776</FitnessBest>
    <FitnessWorst>1.130</FitnessWorst>
    <BestCreationType>Mutation Fill</BestCreationType>
    <BestChanged>1</BestChanged>
    <StepDuration>14265</StepDuration>
    <StepSpeed>3.505</StepSpeed>
  </Step>
  <Step index="64">
    <FitnessBest>0.770</FitnessBest>
    <FitnessWorst>1.053</FitnessWorst>
    <BestCreationType>Cross Row Half</BestCreationType>
    <BestChanged>1</BestChanged>
    <StepDuration>13813</StepDuration>
    <StepSpeed>3.620</StepSpeed>
  </Step>
  <Step index="65">
    <FitnessBest>0.769</FitnessBest>
    <FitnessWorst>1.022</FitnessWorst>
    <BestCreationType>Cross Row Half</BestCreationType>
    <BestChanged>1</BestChanged>
    <StepDuration>13437</StepDuration>
    <StepSpeed>3.721</StepSpeed>
  </Step>
  <Step index="66">
    <FitnessBest>0.757</FitnessBest>
    <FitnessWorst>1.018</FitnessWorst>
    <BestCreationType>Cross Row Half</BestCreationType>
    <BestChanged>1</BestChanged>
    <StepDuration>14188</StepDuration>
    <StepSpeed>3.524</StepSpeed>
  </Step>
  <Step index="67">
    <FitnessBest>0.737</FitnessBest>
    <FitnessWorst>1.052</FitnessWorst>
    <BestCreationType>Mutation Fill</BestCreationType>
    <BestChanged>1</BestChanged>
    <StepDuration>13094</StepDuration>
    <StepSpeed>3.819</StepSpeed>
  </Step>
  <Step index="68">
    <FitnessBest>0.727</FitnessBest>
    <FitnessWorst>1.276</FitnessWorst>
    <BestCreationType>Mutation Fill</BestCreationType>
    <BestChanged>1</BestChanged>
    <StepDuration>13625</StepDuration>
    <StepSpeed>3.670</StepSpeed>
  </Step>
  <Step index="69">
    <FitnessBest>0.715</FitnessBest>
    <FitnessWorst>1.077</FitnessWorst>
    <BestCreationType>Mutation Swap</BestCreationType>
    <BestChanged>1</BestChanged>
    <StepDuration>12421</StepDuration>
    <StepSpeed>4.025</StepSpeed>
  </Step>
  <Step index="70">
    <FitnessBest>0.705</FitnessBest>
    <FitnessWorst>1.117</FitnessWorst>
    <BestCreationType>Cross Row Half</BestCreationType>
    <BestChanged>1</BestChanged>
    <StepDuration>14610</StepDuration>
    <StepSpeed>3.422</StepSpeed>
  </Step>
  <Step index="71">
    <FitnessBest>0.687</FitnessBest>
    <FitnessWorst>1.018</FitnessWorst>
    <BestCreationType>Cross Row Half</BestCreationType>
    <BestChanged>1</BestChanged>
    <StepDuration>12469</StepDuration>
    <StepSpeed>4.010</StepSpeed>
  </Step>
  <Step index="72">
    <FitnessBest>0.676</FitnessBest>
    <FitnessWorst>1.018</FitnessWorst>
    <BestCreationType>Cross Row Half</BestCreationType>
    <BestChanged>1</BestChanged>
    <StepDuration>13187</StepDuration>
    <StepSpeed>3.792</StepSpeed>
  </Step>
  <Step index="73">
    <FitnessBest>0.667</FitnessBest>
    <FitnessWorst>0.971</FitnessWorst>
    <BestCreationType>Mutation Fill</BestCreationType>
    <BestChanged>1</BestChanged>
    <StepDuration>13406</StepDuration>
    <StepSpeed>3.730</StepSpeed>
  </Step>
  <Step index="74">
    <FitnessBest>0.648</FitnessBest>
    <FitnessWorst>1.009</FitnessWorst>
    <BestCreationType>Mutation Swap</BestCreationType>
    <BestChanged>1</BestChanged>
    <StepDuration>13532</StepDuration>
    <StepSpeed>3.695</StepSpeed>
  </Step>
  <Step index="75">
    <FitnessBest>0.640</FitnessBest>
    <FitnessWorst>1.053</FitnessWorst>
    <BestCreationType>Cross Row Half</BestCreationType>
    <BestChanged>1</BestChanged>
    <StepDuration>13078</StepDuration>
    <StepSpeed>3.823</StepSpeed>
  </Step>
  <Step index="76">
    <FitnessBest>0.632</FitnessBest>
    <FitnessWorst>0.891</FitnessWorst>
    <BestCreationType>Cross Col</BestCreationType>
    <BestChanged>1</BestChanged>
    <StepDuration>13172</StepDuration>
    <StepSpeed>3.796</StepSpeed>
  </Step>
  <Step index="77">
    <FitnessBest>0.630</FitnessBest>
    <FitnessWorst>0.911</FitnessWorst>
    <BestCreationType>Mutation Fill</BestCreationType>
    <BestChanged>1</BestChanged>
    <StepDuration>13281</StepDuration>
    <StepSpeed>3.765</StepSpeed>
  </Step>
  <Step index="78">
    <FitnessBest>0.615</FitnessBest>
    <FitnessWorst>1.010</FitnessWorst>
    <BestCreationType>Mutation Fill</BestCreationType>
    <BestChanged>1</BestChanged>
    <StepDuration>13297</StepDuration>
    <StepSpeed>3.760</StepSpeed>
  </Step>
  <Step index="79">
    <FitnessBest>0.602</FitnessBest>
    <FitnessWorst>0.931</FitnessWorst>
    <BestCreationType>Cross Row Half</BestCreationType>
    <BestChanged>1</BestChanged>
    <StepDuration>14437</StepDuration>
    <StepSpeed>3.463</StepSpeed>
  </Step>
  <Step index="80">
    <FitnessBest>0.600</FitnessBest>
    <FitnessWorst>1.012</FitnessWorst>
    <BestCreationType>Cross Row Half</BestCreationType>
    <BestChanged>1</BestChanged>
    <StepDuration>13266</StepDuration>
    <StepSpeed>3.769</StepSpeed>
  </Step>
  <Step index="81">
    <FitnessBest>0.587</FitnessBest>
    <FitnessWorst>0.933</FitnessWorst>
    <BestCreationType>Mutation Fill</BestCreationType>
    <BestChanged>1</BestChanged>
    <StepDuration>13578</StepDuration>
    <StepSpeed>3.682</StepSpeed>
  </Step>
  <Step index="82">
    <FitnessBest>0.575</FitnessBest>
    <FitnessWorst>0.934</FitnessWorst>
    <BestCreationType>Mutation Swap</BestCreationType>
    <BestChanged>1</BestChanged>
    <StepDuration>13234</StepDuration>
    <StepSpeed>3.778</StepSpeed>
  </Step>
  <Step index="83">
    <FitnessBest>0.567</FitnessBest>
    <FitnessWorst>0.872</FitnessWorst>
    <BestCreationType>Cross Row Half</BestCreationType>
    <BestChanged>1</BestChanged>
    <StepDuration>14516</StepDuration>
    <StepSpeed>3.444</StepSpeed>
  </Step>
  <Step index="84">
    <FitnessBest>0.519</FitnessBest>
    <FitnessWorst>0.882</FitnessWorst>
    <BestCreationType>Cross Row Half</BestCreationType>
    <BestChanged>1</BestChanged>
    <StepDuration>14109</StepDuration>
    <StepSpeed>3.544</StepSpeed>
  </Step>
  <Step index="85">
    <FitnessBest>0.507</FitnessBest>
    <FitnessWorst>0.776</FitnessWorst>
    <BestCreationType>Cross Row Half</BestCreationType>
    <BestChanged>1</BestChanged>
    <StepDuration>14219</StepDuration>
    <StepSpeed>3.516</StepSpeed>
  </Step>
  <Step index="86">
    <FitnessBest>0.499</FitnessBest>
    <FitnessWorst>0.736</FitnessWorst>
    <BestCreationType>Cross Row Half</BestCreationType>
    <BestChanged>1</BestChanged>
    <StepDuration>14219</StepDuration>
    <StepSpeed>3.516</StepSpeed>
  </Step>
  <Step index="87">
    <FitnessBest>0.499</FitnessBest>
    <FitnessWorst>0.726</FitnessWorst>
    <BestCreationType>Cross Row Half</BestCreationType>
    <BestChanged>0</BestChanged>
    <StepDuration>13328</StepDuration>
    <StepSpeed>3.752</StepSpeed>
  </Step>
  <Step index="88">
    <FitnessBest>0.458</FitnessBest>
    <FitnessWorst>0.931</FitnessWorst>
    <BestCreationType>Mutation Swap</BestCreationType>
    <BestChanged>1</BestChanged>
    <StepDuration>14156</StepDuration>
    <StepSpeed>3.532</StepSpeed>
  </Step>
  <Step index="89">
    <FitnessBest>0.450</FitnessBest>
    <FitnessWorst>0.753</FitnessWorst>
    <BestCreationType>Cross Row Half</BestCreationType>
    <BestChanged>1</BestChanged>
    <StepDuration>14156</StepDuration>
    <StepSpeed>3.532</StepSpeed>
  </Step>
  <Step index="90">
    <FitnessBest>0.446</FitnessBest>
    <FitnessWorst>0.821</FitnessWorst>
    <BestCreationType>Mutation Fill</BestCreationType>
    <BestChanged>1</BestChanged>
    <StepDuration>14344</StepDuration>
    <StepSpeed>3.486</StepSpeed>
  </Step>
  <Step index="91">
    <FitnessBest>0.428</FitnessBest>
    <FitnessWorst>0.906</FitnessWorst>
    <BestCreationType>Mutation Swap</BestCreationType>
    <BestChanged>1</BestChanged>
    <StepDuration>13547</StepDuration>
    <StepSpeed>3.691</StepSpeed>
  </Step>
  <Step index="92">
    <FitnessBest>0.398</FitnessBest>
    <FitnessWorst>0.838</FitnessWorst>
    <BestCreationType>Mutation Swap</BestCreationType>
    <BestChanged>1</BestChanged>
    <StepDuration>14281</StepDuration>
    <StepSpeed>3.501</StepSpeed>
  </Step>
  <Step index="93">
    <FitnessBest>0.398</FitnessBest>
    <FitnessWorst>0.879</FitnessWorst>
    <BestCreationType>Mutation Swap</BestCreationType>
    <BestChanged>0</BestChanged>
    <StepDuration>13766</StepDuration>
    <StepSpeed>3.632</StepSpeed>
  </Step>
  <Step index="94">
    <FitnessBest>0.389</FitnessBest>
    <FitnessWorst>0.656</FitnessWorst>
    <BestCreationType>Mutation Fill</BestCreationType>
    <BestChanged>1</BestChanged>
    <StepDuration>13625</StepDuration>
    <StepSpeed>3.670</StepSpeed>
  </Step>
  <Step index="95">
    <FitnessBest>0.382</FitnessBest>
    <FitnessWorst>0.918</FitnessWorst>
    <BestCreationType>Mutation Fill</BestCreationType>
    <BestChanged>1</BestChanged>
    <StepDuration>13750</StepDuration>
    <StepSpeed>3.636</StepSpeed>
  </Step>
  <Step index="96">
    <FitnessBest>0.375</FitnessBest>
    <FitnessWorst>0.660</FitnessWorst>
    <BestCreationType>Cross Row Half</BestCreationType>
    <BestChanged>1</BestChanged>
    <StepDuration>13797</StepDuration>
    <StepSpeed>3.624</StepSpeed>
  </Step>
  <Step index="97">
    <FitnessBest>0.375</FitnessBest>
    <FitnessWorst>0.866</FitnessWorst>
    <BestCreationType>Cross Row Half</BestCreationType>
    <BestChanged>0</BestChanged>
    <StepDuration>14078</StepDuration>
    <StepSpeed>3.552</StepSpeed>
  </Step>
  <Step index="98">
    <FitnessBest>0.370</FitnessBest>
    <FitnessWorst>0.790</FitnessWorst>
    <BestCreationType>Cross Row Half</BestCreationType>
    <BestChanged>1</BestChanged>
    <StepDuration>14297</StepDuration>
    <StepSpeed>3.497</StepSpeed>
  </Step>
  <Step index="99">
    <FitnessBest>0.361</FitnessBest>
    <FitnessWorst>0.563</FitnessWorst>
    <BestCreationType>Mutation Fill</BestCreationType>
    <BestChanged>1</BestChanged>
    <StepDuration>13078</StepDuration>
    <StepSpeed>3.823</StepSpeed>
  </Step>
  <Step index="100">
    <FitnessBest>0.354</FitnessBest>
    <FitnessWorst>0.720</FitnessWorst>
    <BestCreationType>Cross Row Half</BestCreationType>
    <BestChanged>1</BestChanged>
    <StepDuration>13609</StepDuration>
    <StepSpeed>3.674</StepSpeed>
  </Step>
  <Step index="101">
    <FitnessBest>0.325</FitnessBest>
    <FitnessWorst>0.899</FitnessWorst>
    <BestCreationType>Mutation Swap</BestCreationType>
    <BestChanged>1</BestChanged>
    <StepDuration>13532</StepDuration>
    <StepSpeed>3.695</StepSpeed>
  </Step>
  <Step index="102">
    <FitnessBest>0.314</FitnessBest>
    <FitnessWorst>0.724</FitnessWorst>
    <BestCreationType>Mutation Fill</BestCreationType>
    <BestChanged>1</BestChanged>
    <StepDuration>13609</StepDuration>
    <StepSpeed>3.674</StepSpeed>
  </Step>
  <Step index="103">
    <FitnessBest>0.306</FitnessBest>
    <FitnessWorst>0.770</FitnessWorst>
    <BestCreationType>Cross Col</BestCreationType>
    <BestChanged>1</BestChanged>
    <StepDuration>14172</StepDuration>
    <StepSpeed>3.528</StepSpeed>
  </Step>
  <Step index="104">
    <FitnessBest>0.289</FitnessBest>
    <FitnessWorst>0.718</FitnessWorst>
    <BestCreationType>Mutation Swap</BestCreationType>
    <BestChanged>1</BestChanged>
    <StepDuration>14140</StepDuration>
    <StepSpeed>3.536</StepSpeed>
  </Step>
  <Step index="105">
    <FitnessBest>0.276</FitnessBest>
    <FitnessWorst>0.679</FitnessWorst>
    <BestCreationType>Cross Row Half</BestCreationType>
    <BestChanged>1</BestChanged>
    <StepDuration>13547</StepDuration>
    <StepSpeed>3.691</StepSpeed>
  </Step>
  <Step index="106">
    <FitnessBest>0.265</FitnessBest>
    <FitnessWorst>0.776</FitnessWorst>
    <BestCreationType>Cross Row Half</BestCreationType>
    <BestChanged>1</BestChanged>
    <StepDuration>13563</StepDuration>
    <StepSpeed>3.687</StepSpeed>
  </Step>
  <Step index="107">
    <FitnessBest>0.264</FitnessBest>
    <FitnessWorst>0.614</FitnessWorst>
    <BestCreationType>Mutation Fill</BestCreationType>
    <BestChanged>1</BestChanged>
    <StepDuration>13687</StepDuration>
    <StepSpeed>3.653</StepSpeed>
  </Step>
  <Step index="108">
    <FitnessBest>0.263</FitnessBest>
    <FitnessWorst>0.491</FitnessWorst>
    <BestCreationType>Mutation Fill</BestCreationType>
    <BestChanged>1</BestChanged>
    <StepDuration>14594</StepDuration>
    <StepSpeed>3.426</StepSpeed>
  </Step>
  <Step index="109">
    <FitnessBest>0.254</FitnessBest>
    <FitnessWorst>0.473</FitnessWorst>
    <BestCreationType>Cross Row Half</BestCreationType>
    <BestChanged>1</BestChanged>
    <StepDuration>13313</StepDuration>
    <StepSpeed>3.756</StepSpeed>
  </Step>
  <Step index="110">
    <FitnessBest>0.252</FitnessBest>
    <FitnessWorst>0.483</FitnessWorst>
    <BestCreationType>Mutation Fill</BestCreationType>
    <BestChanged>1</BestChanged>
    <StepDuration>968734</StepDuration>
    <StepSpeed>0.052</StepSpeed>
  </Step>
  <Step index="111">
    <FitnessBest>0.242</FitnessBest>
    <FitnessWorst>0.579</FitnessWorst>
    <BestCreationType>Mutation Fill</BestCreationType>
    <BestChanged>1</BestChanged>
    <StepDuration>13562</StepDuration>
    <StepSpeed>3.687</StepSpeed>
  </Step>
  <Step index="112">
    <FitnessBest>0.234</FitnessBest>
    <FitnessWorst>0.538</FitnessWorst>
    <BestCreationType>Cross Row Half</BestCreationType>
    <BestChanged>1</BestChanged>
    <StepDuration>14000</StepDuration>
    <StepSpeed>3.571</StepSpeed>
  </Step>
  <Step index="113">
    <FitnessBest>0.221</FitnessBest>
    <FitnessWorst>0.500</FitnessWorst>
    <BestCreationType>Mutation Fill</BestCreationType>
    <BestChanged>1</BestChanged>
    <StepDuration>12860</StepDuration>
    <StepSpeed>3.888</StepSpeed>
  </Step>
  <Step index="114">
    <FitnessBest>0.218</FitnessBest>
    <FitnessWorst>0.608</FitnessWorst>
    <BestCreationType>Cross Row Half</BestCreationType>
    <BestChanged>1</BestChanged>
    <StepDuration>13609</StepDuration>
    <StepSpeed>3.674</StepSpeed>
  </Step>
  <Step index="115">
    <FitnessBest>0.213</FitnessBest>
    <FitnessWorst>0.612</FitnessWorst>
    <BestCreationType>Cross Row Half</BestCreationType>
    <BestChanged>1</BestChanged>
    <StepDuration>12985</StepDuration>
    <StepSpeed>3.851</StepSpeed>
  </Step>
  <Step index="116">
    <FitnessBest>0.190</FitnessBest>
    <FitnessWorst>0.461</FitnessWorst>
    <BestCreationType>Mutation Swap</BestCreationType>
    <BestChanged>1</BestChanged>
    <StepDuration>13578</StepDuration>
    <StepSpeed>3.682</StepSpeed>
  </Step>
  <Step index="117">
    <FitnessBest>0.182</FitnessBest>
    <FitnessWorst>0.496</FitnessWorst>
    <BestCreationType>Cross Col</BestCreationType>
    <BestChanged>1</BestChanged>
    <StepDuration>13047</StepDuration>
    <StepSpeed>3.832</StepSpeed>
  </Step>
  <Step index="118">
    <FitnessBest>0.182</FitnessBest>
    <FitnessWorst>0.652</FitnessWorst>
    <BestCreationType>Cross Col</BestCreationType>
    <BestChanged>0</BestChanged>
    <StepDuration>12734</StepDuration>
    <StepSpeed>3.926</StepSpeed>
  </Step>
  <Step index="119">
    <FitnessBest>0.178</FitnessBest>
    <FitnessWorst>0.440</FitnessWorst>
    <BestCreationType>Mutation Fill</BestCreationType>
    <BestChanged>1</BestChanged>
    <StepDuration>13734</StepDuration>
    <StepSpeed>3.641</StepSpeed>
  </Step>
  <Step index="120">
    <FitnessBest>0.175</FitnessBest>
    <FitnessWorst>0.656</FitnessWorst>
    <BestCreationType>Mutation Fill</BestCreationType>
    <BestChanged>1</BestChanged>
    <StepDuration>13188</StepDuration>
    <StepSpeed>3.791</StepSpeed>
  </Step>
  <Step index="121">
    <FitnessBest>0.175</FitnessBest>
    <FitnessWorst>0.498</FitnessWorst>
    <BestCreationType>Mutation Fill</BestCreationType>
    <BestChanged>0</BestChanged>
    <StepDuration>13656</StepDuration>
    <StepSpeed>3.661</StepSpeed>
  </Step>
  <Step index="122">
    <FitnessBest>0.168</FitnessBest>
    <FitnessWorst>0.621</FitnessWorst>
    <BestCreationType>Cross Row Half</BestCreationType>
    <BestChanged>1</BestChanged>
    <StepDuration>12703</StepDuration>
    <StepSpeed>3.936</StepSpeed>
  </Step>
  <Step index="123">
    <FitnessBest>0.168</FitnessBest>
    <FitnessWorst>0.604</FitnessWorst>
    <BestCreationType>Cross Row Half</BestCreationType>
    <BestChanged>0</BestChanged>
    <StepDuration>12875</StepDuration>
    <StepSpeed>3.883</StepSpeed>
  </Step>
  <Step index="124">
    <FitnessBest>0.163</FitnessBest>
    <FitnessWorst>0.481</FitnessWorst>
    <BestCreationType>Mutation Fill</BestCreationType>
    <BestChanged>1</BestChanged>
    <StepDuration>12953</StepDuration>
    <StepSpeed>3.860</StepSpeed>
  </Step>
  <Step index="125">
    <FitnessBest>0.151</FitnessBest>
    <FitnessWorst>0.398</FitnessWorst>
    <BestCreationType>Mutation Fill</BestCreationType>
    <BestChanged>1</BestChanged>
    <StepDuration>12719</StepDuration>
    <StepSpeed>3.931</StepSpeed>
  </Step>
  <Step index="126">
    <FitnessBest>0.136</FitnessBest>
    <FitnessWorst>0.486</FitnessWorst>
    <BestCreationType>Cross Row Half</BestCreationType>
    <BestChanged>1</BestChanged>
    <StepDuration>13875</StepDuration>
    <StepSpeed>3.604</StepSpeed>
  </Step>
  <Step index="127">
    <FitnessBest>0.136</FitnessBest>
    <FitnessWorst>0.501</FitnessWorst>
    <BestCreationType>Cross Row Half</BestCreationType>
    <BestChanged>0</BestChanged>
    <StepDuration>13984</StepDuration>
    <StepSpeed>3.576</StepSpeed>
  </Step>
  <Step index="128">
    <FitnessBest>0.126</FitnessBest>
    <FitnessWorst>0.473</FitnessWorst>
    <BestCreationType>Cross Row Half</BestCreationType>
    <BestChanged>1</BestChanged>
    <StepDuration>14563</StepDuration>
    <StepSpeed>3.433</StepSpeed>
  </Step>
  <Step index="129">
    <FitnessBest>0.124</FitnessBest>
    <FitnessWorst>0.517</FitnessWorst>
    <BestCreationType>Cross Col</BestCreationType>
    <BestChanged>1</BestChanged>
    <StepDuration>13656</StepDuration>
    <StepSpeed>3.661</StepSpeed>
  </Step>
  <Step index="130">
    <FitnessBest>0.117</FitnessBest>
    <FitnessWorst>0.659</FitnessWorst>
    <BestCreationType>Mutation Swap</BestCreationType>
    <BestChanged>1</BestChanged>
    <StepDuration>14750</StepDuration>
    <StepSpeed>3.390</StepSpeed>
  </Step>
  <Step index="131">
    <FitnessBest>0.111</FitnessBest>
    <FitnessWorst>0.555</FitnessWorst>
    <BestCreationType>Cross Col</BestCreationType>
    <BestChanged>1</BestChanged>
    <StepDuration>14250</StepDuration>
    <StepSpeed>3.509</StepSpeed>
  </Step>
  <Step index="132">
    <FitnessBest>0.105</FitnessBest>
    <FitnessWorst>0.377</FitnessWorst>
    <BestCreationType>Mutation Fill</BestCreationType>
    <BestChanged>1</BestChanged>
    <StepDuration>14594</StepDuration>
    <StepSpeed>3.426</StepSpeed>
  </Step>
  <Step index="133">
    <FitnessBest>0.098</FitnessBest>
    <FitnessWorst>0.505</FitnessWorst>
    <BestCreationType>Cross Row Half</BestCreationType>
    <BestChanged>1</BestChanged>
    <StepDuration>12172</StepDuration>
    <StepSpeed>4.108</StepSpeed>
  </Step>
  <Step index="134">
    <FitnessBest>0.087</FitnessBest>
    <FitnessWorst>0.505</FitnessWorst>
    <BestCreationType>Cross Row Half</BestCreationType>
    <BestChanged>1</BestChanged>
    <StepDuration>13265</StepDuration>
    <StepSpeed>3.769</StepSpeed>
  </Step>
  <Step index="135">
    <FitnessBest>0.084</FitnessBest>
    <FitnessWorst>0.603</FitnessWorst>
    <BestCreationType>Mutation Swap</BestCreationType>
    <BestChanged>1</BestChanged>
    <StepDuration>14297</StepDuration>
    <StepSpeed>3.497</StepSpeed>
  </Step>
  <Step index="136">
    <FitnessBest>0.067</FitnessBest>
    <FitnessWorst>0.416</FitnessWorst>
    <BestCreationType>Cross Row Half</BestCreationType>
    <BestChanged>1</BestChanged>
    <StepDuration>14266</StepDuration>
    <StepSpeed>3.505</StepSpeed>
  </Step>
  <Step index="137">
    <FitnessBest>0.065</FitnessBest>
    <FitnessWorst>0.380</FitnessWorst>
    <BestCreationType>Cross Row Half</BestCreationType>
    <BestChanged>1</BestChanged>
    <StepDuration>13766</StepDuration>
    <StepSpeed>3.632</StepSpeed>
  </Step>
  <Step index="138">
    <FitnessBest>0.061</FitnessBest>
    <FitnessWorst>0.403</FitnessWorst>
    <BestCreationType>Mutation Fill</BestCreationType>
    <BestChanged>1</BestChanged>
    <StepDuration>13390</StepDuration>
    <StepSpeed>3.734</StepSpeed>
  </Step>
  <Step index="139">
    <FitnessBest>0.053</FitnessBest>
    <FitnessWorst>0.556</FitnessWorst>
    <BestCreationType>Cross Row Half</BestCreationType>
    <BestChanged>1</BestChanged>
    <StepDuration>13328</StepDuration>
    <StepSpeed>3.752</StepSpeed>
  </Step>
  <Step index="140">
    <FitnessBest>0.039</FitnessBest>
    <FitnessWorst>0.273</FitnessWorst>
    <BestCreationType>Mutation Fill</BestCreationType>
    <BestChanged>1</BestChanged>
    <StepDuration>13485</StepDuration>
    <StepSpeed>3.708</StepSpeed>
  </Step>
  <Step index="141">
    <FitnessBest>0.035</FitnessBest>
    <FitnessWorst>0.468</FitnessWorst>
    <BestCreationType>Cross Row Half</BestCreationType>
    <BestChanged>1</BestChanged>
    <StepDuration>13031</StepDuration>
    <StepSpeed>3.837</StepSpeed>
  </Step>
  <Step index="142">
    <FitnessBest>0.033</FitnessBest>
    <FitnessWorst>0.493</FitnessWorst>
    <BestCreationType>Mutation Fill</BestCreationType>
    <BestChanged>1</BestChanged>
    <StepDuration>14312</StepDuration>
    <StepSpeed>3.494</StepSpeed>
  </Step>
  <Step index="143">
    <FitnessBest>0.027</FitnessBest>
    <FitnessWorst>0.453</FitnessWorst>
    <BestCreationType>Cross Row Half</BestCreationType>
    <BestChanged>1</BestChanged>
    <StepDuration>13157</StepDuration>
    <StepSpeed>3.800</StepSpeed>
  </Step>
  <Step index="144">
    <FitnessBest>0.025</FitnessBest>
    <FitnessWorst>0.480</FitnessWorst>
    <BestCreationType>Mutation Fill</BestCreationType>
    <BestChanged>1</BestChanged>
    <StepDuration>14359</StepDuration>
    <StepSpeed>3.482</StepSpeed>
  </Step>
  <Step index="145">
    <FitnessBest>0.014</FitnessBest>
    <FitnessWorst>0.608</FitnessWorst>
    <BestCreationType>Mutation Fill</BestCreationType>
    <BestChanged>1</BestChanged>
    <StepDuration>14531</StepDuration>
    <StepSpeed>3.441</StepSpeed>
  </Step>
  <Step index="146">
    <FitnessBest>0.012</FitnessBest>
    <FitnessWorst>0.403</FitnessWorst>
    <BestCreationType>Cross Row Half</BestCreationType>
    <BestChanged>1</BestChanged>
    <StepDuration>13625</StepDuration>
    <StepSpeed>3.670</StepSpeed>
  </Step>
  <Step index="147">
    <FitnessBest>0.012</FitnessBest>
    <FitnessWorst>0.296</FitnessWorst>
    <BestCreationType>Cross Row Half</BestCreationType>
    <BestChanged>0</BestChanged>
    <StepDuration>13625</StepDuration>
    <StepSpeed>3.670</StepSpeed>
  </Step>
  <Step index="148">
    <FitnessBest>0.012</FitnessBest>
    <FitnessWorst>0.276</FitnessWorst>
    <BestCreationType>Cross Row Half</BestCreationType>
    <BestChanged>0</BestChanged>
    <StepDuration>14407</StepDuration>
    <StepSpeed>3.471</StepSpeed>
  </Step>
  <Step index="149">
    <FitnessBest>0.008</FitnessBest>
    <FitnessWorst>0.349</FitnessWorst>
    <BestCreationType>Mutation Fill</BestCreationType>
    <BestChanged>1</BestChanged>
    <StepDuration>13500</StepDuration>
    <StepSpeed>3.704</StepSpeed>
  </Step>
  <Step index="150">
    <FitnessBest>0.003</FitnessBest>
    <FitnessWorst>0.325</FitnessWorst>
    <BestCreationType>Cross Row Half</BestCreationType>
    <BestChanged>1</BestChanged>
    <StepDuration>13531</StepDuration>
    <StepSpeed>3.695</StepSpeed>
  </Step>
  <Step index="151">
    <FitnessBest>0.003</FitnessBest>
    <FitnessWorst>0.592</FitnessWorst>
    <BestCreationType>Cross Row Half</BestCreationType>
    <BestChanged>0</BestChanged>
    <StepDuration>14234</StepDuration>
    <StepSpeed>3.513</StepSpeed>
  </Step>
  <Step index="152">
    <FitnessBest>0.003</FitnessBest>
    <FitnessWorst>0.329</FitnessWorst>
    <BestCreationType>Cross Row Half</BestCreationType>
    <BestChanged>0</BestChanged>
    <StepDuration>13578</StepDuration>
    <StepSpeed>3.682</StepSpeed>
  </Step>
  <Step index="153">
    <FitnessBest>0.000</FitnessBest>
    <FitnessWorst>0.503</FitnessWorst>
    <BestCreationType>Mutation Fill</BestCreationType>
    <BestChanged>1</BestChanged>
    <StepDuration>14641</StepDuration>
    <StepSpeed>3.415</StepSpeed>
  </Step>
</History>
</LMRMEAState>
