<?xml version="1.0"?>
<LMRMEARandomizerState fileVersion="1">
<Basic>
  <Step>22</Step>
  <EARandUniform>102858</EARandUniform>
  <EARandGauss>0</EARandGauss>
  <TickTotal>0</TickTotal>
  <EAIndividualID>58</EAIndividualID>
  <TaskRunProcessCount>0</TaskRunProcessCount>
  <MtbExporterProcessCount>0</MtbExporterProcessCount>
</Basic>
<Population count="10">
  <EAIndividual ID="1">
    <CreationType>Data Preset</CreationType>
  </EAIndividual>
  <EAIndividual ID="31">
    <CreationType>Mutation Swap</CreationType>
  </EAIndividual>
  <EAIndividual ID="33">
    <CreationType>Mutation Swap</CreationType>
  </EAIndividual>
  <EAIndividual ID="34">
    <CreationType>Mutation Swap</CreationType>
  </EAIndividual>
  <EAIndividual ID="41">
    <CreationType>Mutation Swap</CreationType>
  </EAIndividual>
  <EAIndividual ID="48">
    <CreationType>Mutation Swap</CreationType>
  </EAIndividual>
  <EAIndividual ID="49">
    <CreationType>Mutation Swap</CreationType>
  </EAIndividual>
  <EAIndividual ID="53">
    <CreationType>Mutation Swap</CreationType>
  </EAIndividual>
  <EAIndividual ID="56">
    <CreationType>Mutation Swap</CreationType>
  </EAIndividual>
  <EAIndividual ID="57">
    <CreationType>Mutation Swap</CreationType>
  </EAIndividual>
  </Population>
<OperationCount>
  <CrossoverCount>0</CrossoverCount>
  <MutationCount>1</MutationCount>
  <BreedCount>145753424</BreedCount>
  <ReproductionCount>12</ReproductionCount>
  <CrossoverColumnCount>0</CrossoverColumnCount>
  <CrossoverRowCount>0</CrossoverRowCount>
  <CrossoverRowRandomCount>0</CrossoverRowRandomCount>
  <CrossoverRowHalfCount>0</CrossoverRowHalfCount>
  <MutationSwapCount>1</MutationSwapCount>
  <MutationNewCount>0</MutationNewCount>
</OperationCount>
<Statistics>
  <TickInit>0</TickInit>
  <TickDBPrepare>0</TickDBPrepare>
  <TickLaunchExternal>0</TickLaunchExternal>
  <TickResultImport>0</TickResultImport>
  <TickDBRemove>0</TickDBRemove>
  <TickEA>0</TickEA>
  <TickBitStringCache>0</TickBitStringCache>
  <CreationType>
    <Individual creationType="Random">
      <Create>0</Create>
      <Remove>0</Remove>
      <Best>0</Best>
      <Parent>0</Parent>
      <Reproduction>0</Reproduction>
  </Individual>
    <Individual creationType="Cross Col">
      <Create>0</Create>
      <Remove>0</Remove>
      <Best>0</Best>
      <Parent>0</Parent>
      <Reproduction>0</Reproduction>
  </Individual>
    <Individual creationType="Cross Row Random">
      <Create>4</Create>
      <Remove>4</Remove>
      <Best>0</Best>
      <Parent>2</Parent>
      <Reproduction>16</Reproduction>
  </Individual>
    <Individual creationType="Cross Row Half">
      <Create>10</Create>
      <Remove>10</Remove>
      <Best>0</Best>
      <Parent>4</Parent>
      <Reproduction>14</Reproduction>
  </Individual>
    <Individual creationType="Mutation Swap">
      <Create>42</Create>
      <Remove>33</Remove>
      <Best>7</Best>
      <Parent>33</Parent>
      <Reproduction>187</Reproduction>
  </Individual>
    <Individual creationType="Mutation Fill">
      <Create>0</Create>
      <Remove>0</Remove>
      <Best>0</Best>
      <Parent>0</Parent>
      <Reproduction>0</Reproduction>
  </Individual>
    <Individual creationType="Breeding">
      <Create>0</Create>
      <Remove>0</Remove>
      <Best>0</Best>
      <Parent>0</Parent>
      <Reproduction>0</Reproduction>
  </Individual>
    <Individual creationType="Data Preset">
      <Create>1</Create>
      <Remove>0</Remove>
      <Best>0</Best>
      <Parent>17</Parent>
      <Reproduction>45</Reproduction>
  </Individual>
    <Individual creationType="Restored">
      <Create>0</Create>
      <Remove>0</Remove>
      <Best>0</Best>
      <Parent>0</Parent>
      <Reproduction>0</Reproduction>
  </Individual>
  </CreationType>
</Statistics>
<History>
  <Step index="1">
    <RandomizerValueHighest>23.392</RandomizerValueHighest>
    <BestCreationType>Mutation Swap</BestCreationType>
    <BestChanged>1</BestChanged>
    <StepDuration>17706</StepDuration>
    <StepSpeed>0.565</StepSpeed>
  </Step>
  <Step index="2">
    <RandomizerValueHighest>24.568</RandomizerValueHighest>
    <BestCreationType>Mutation Swap</BestCreationType>
    <BestChanged>1</BestChanged>
    <StepDuration>9282</StepDuration>
    <StepSpeed>1.077</StepSpeed>
  </Step>
  <Step index="3">
    <RandomizerValueHighest>24.568</RandomizerValueHighest>
    <BestCreationType>Mutation Swap</BestCreationType>
    <BestChanged>0</BestChanged>
    <StepDuration>7176</StepDuration>
    <StepSpeed>1.394</StepSpeed>
  </Step>
  <Step index="4">
    <RandomizerValueHighest>24.811</RandomizerValueHighest>
    <BestCreationType>Mutation Swap</BestCreationType>
    <BestChanged>1</BestChanged>
    <StepDuration>7051</StepDuration>
    <StepSpeed>1.418</StepSpeed>
  </Step>
  <Step index="5">
    <RandomizerValueHighest>24.811</RandomizerValueHighest>
    <BestCreationType>Mutation Swap</BestCreationType>
    <BestChanged>0</BestChanged>
    <StepDuration>6209</StepDuration>
    <StepSpeed>1.611</StepSpeed>
  </Step>
  <Step index="6">
    <RandomizerValueHighest>25.129</RandomizerValueHighest>
    <BestCreationType>Mutation Swap</BestCreationType>
    <BestChanged>1</BestChanged>
    <StepDuration>7972</StepDuration>
    <StepSpeed>1.254</StepSpeed>
  </Step>
  <Step index="7">
    <RandomizerValueHighest>25.129</RandomizerValueHighest>
    <BestCreationType>Mutation Swap</BestCreationType>
    <BestChanged>0</BestChanged>
    <StepDuration>7925</StepDuration>
    <StepSpeed>1.262</StepSpeed>
  </Step>
  <Step index="8">
    <RandomizerValueHighest>25.129</RandomizerValueHighest>
    <BestCreationType>Mutation Swap</BestCreationType>
    <BestChanged>0</BestChanged>
    <StepDuration>7878</StepDuration>
    <StepSpeed>1.269</StepSpeed>
  </Step>
  <Step index="9">
    <RandomizerValueHighest>26.926</RandomizerValueHighest>
    <BestCreationType>Mutation Swap</BestCreationType>
    <BestChanged>1</BestChanged>
    <StepDuration>7909</StepDuration>
    <StepSpeed>1.264</StepSpeed>
  </Step>
  <Step index="10">
    <RandomizerValueHighest>26.926</RandomizerValueHighest>
    <BestCreationType>Mutation Swap</BestCreationType>
    <BestChanged>0</BestChanged>
    <StepDuration>6178</StepDuration>
    <StepSpeed>1.619</StepSpeed>
  </Step>
  <Step index="11">
    <RandomizerValueHighest>27.047</RandomizerValueHighest>
    <BestCreationType>Mutation Swap</BestCreationType>
    <BestChanged>1</BestChanged>
    <StepDuration>6287</StepDuration>
    <StepSpeed>1.591</StepSpeed>
  </Step>
  <Step index="12">
    <RandomizerValueHighest>27.047</RandomizerValueHighest>
    <BestCreationType>Mutation Swap</BestCreationType>
    <BestChanged>0</BestChanged>
    <StepDuration>8190</StepDuration>
    <StepSpeed>1.221</StepSpeed>
  </Step>
  <Step index="13">
    <RandomizerValueHighest>27.047</RandomizerValueHighest>
    <BestCreationType>Mutation Swap</BestCreationType>
    <BestChanged>0</BestChanged>
    <StepDuration>9110</StepDuration>
    <StepSpeed>1.098</StepSpeed>
  </Step>
  <Step index="14">
    <RandomizerValueHighest>27.239</RandomizerValueHighest>
    <BestCreationType>Mutation Swap</BestCreationType>
    <BestChanged>1</BestChanged>
    <StepDuration>7691</StepDuration>
    <StepSpeed>1.300</StepSpeed>
  </Step>
  <Step index="15">
    <RandomizerValueHighest>27.239</RandomizerValueHighest>
    <BestCreationType>Mutation Swap</BestCreationType>
    <BestChanged>0</BestChanged>
    <StepDuration>6880</StepDuration>
    <StepSpeed>1.453</StepSpeed>
  </Step>
  <Step index="16">
    <RandomizerValueHighest>27.239</RandomizerValueHighest>
    <BestCreationType>Mutation Swap</BestCreationType>
    <BestChanged>0</BestChanged>
    <StepDuration>7207</StepDuration>
    <StepSpeed>1.388</StepSpeed>
  </Step>
  <Step index="17">
    <RandomizerValueHighest>27.239</RandomizerValueHighest>
    <BestCreationType>Mutation Swap</BestCreationType>
    <BestChanged>0</BestChanged>
    <StepDuration>20311</StepDuration>
    <StepSpeed>0.492</StepSpeed>
  </Step>
  <Step index="18">
    <RandomizerValueHighest>27.239</RandomizerValueHighest>
    <BestCreationType>Mutation Swap</BestCreationType>
    <BestChanged>0</BestChanged>
    <StepDuration>7176</StepDuration>
    <StepSpeed>1.394</StepSpeed>
  </Step>
  <Step index="19">
    <RandomizerValueHighest>27.239</RandomizerValueHighest>
    <BestCreationType>Mutation Swap</BestCreationType>
    <BestChanged>0</BestChanged>
    <StepDuration>7941</StepDuration>
    <StepSpeed>1.259</StepSpeed>
  </Step>
  <Step index="20">
    <RandomizerValueHighest>27.239</RandomizerValueHighest>
    <BestCreationType>Mutation Swap</BestCreationType>
    <BestChanged>0</BestChanged>
    <StepDuration>6053</StepDuration>
    <StepSpeed>1.652</StepSpeed>
  </Step>
  <Step index="21">
    <RandomizerValueHighest>27.239</RandomizerValueHighest>
    <BestCreationType>Mutation Swap</BestCreationType>
    <BestChanged>0</BestChanged>
    <StepDuration>6021</StepDuration>
    <StepSpeed>1.661</StepSpeed>
  </Step>
  <Step index="22">
    <RandomizerValueHighest>27.239</RandomizerValueHighest>
    <BestCreationType>Mutation Swap</BestCreationType>
    <BestChanged>0</BestChanged>
    <StepDuration>5913</StepDuration>
    <StepSpeed>1.691</StepSpeed>
  </Step>
</History>
</LMRMEARandomizerState>
