<?xml version="1.0"?>
<LMRMEAState fileVersion="1">
<Basic>
  <Step>17</Step>
  <EARandUniform>34553</EARandUniform>
  <EARandGauss>11214</EARandGauss>
  <TickTotal>0</TickTotal>
  <EAIndividualID>772</EAIndividualID>
  <TaskRunProcessCount>0</TaskRunProcessCount>
  <MtbExporterProcessCount>0</MtbExporterProcessCount>
</Basic>
<Population count="50">
  <EAIndividual ID="758">
    <CreationType>Cross Row Half</CreationType>
  </EAIndividual>
  <EAIndividual ID="744">
    <CreationType>Mutation Fill</CreationType>
  </EAIndividual>
  <EAIndividual ID="707">
    <CreationType>Cross Row Half</CreationType>
  </EAIndividual>
  <EAIndividual ID="725">
    <CreationType>Mutation Fill</CreationType>
  </EAIndividual>
  <EAIndividual ID="726">
    <CreationType>Cross Row Half</CreationType>
  </EAIndividual>
  <EAIndividual ID="729">
    <CreationType>Mutation Fill</CreationType>
  </EAIndividual>
  <EAIndividual ID="732">
    <CreationType>Cross Row Half</CreationType>
  </EAIndividual>
  <EAIndividual ID="735">
    <CreationType>Cross Row Half</CreationType>
  </EAIndividual>
  <EAIndividual ID="737">
    <CreationType>Cross Row Half</CreationType>
  </EAIndividual>
  <EAIndividual ID="739">
    <CreationType>Mutation Swap</CreationType>
  </EAIndividual>
  <EAIndividual ID="743">
    <CreationType>Cross Row Half</CreationType>
  </EAIndividual>
  <EAIndividual ID="745">
    <CreationType>Cross Row Half</CreationType>
  </EAIndividual>
  <EAIndividual ID="750">
    <CreationType>Mutation Fill</CreationType>
  </EAIndividual>
  <EAIndividual ID="751">
    <CreationType>Mutation Swap</CreationType>
  </EAIndividual>
  <EAIndividual ID="762">
    <CreationType>Cross Row Half</CreationType>
  </EAIndividual>
  <EAIndividual ID="765">
    <CreationType>Mutation Swap</CreationType>
  </EAIndividual>
  <EAIndividual ID="766">
    <CreationType>Cross Row Half</CreationType>
  </EAIndividual>
  <EAIndividual ID="768">
    <CreationType>Mutation Swap</CreationType>
  </EAIndividual>
  <EAIndividual ID="769">
    <CreationType>Mutation Fill</CreationType>
  </EAIndividual>
  <EAIndividual ID="770">
    <CreationType>Mutation Swap</CreationType>
  </EAIndividual>
  <EAIndividual ID="728">
    <CreationType>Mutation Fill</CreationType>
  </EAIndividual>
  <EAIndividual ID="734">
    <CreationType>Mutation Fill</CreationType>
  </EAIndividual>
  <EAIndividual ID="741">
    <CreationType>Cross Row Half</CreationType>
  </EAIndividual>
  <EAIndividual ID="746">
    <CreationType>Cross Row Half</CreationType>
  </EAIndividual>
  <EAIndividual ID="752">
    <CreationType>Mutation Fill</CreationType>
  </EAIndividual>
  <EAIndividual ID="756">
    <CreationType>Mutation Fill</CreationType>
  </EAIndividual>
  <EAIndividual ID="685">
    <CreationType>Mutation Fill</CreationType>
  </EAIndividual>
  <EAIndividual ID="693">
    <CreationType>Mutation Fill</CreationType>
  </EAIndividual>
  <EAIndividual ID="727">
    <CreationType>Cross Row Half</CreationType>
  </EAIndividual>
  <EAIndividual ID="730">
    <CreationType>Mutation Swap</CreationType>
  </EAIndividual>
  <EAIndividual ID="731">
    <CreationType>Mutation Swap</CreationType>
  </EAIndividual>
  <EAIndividual ID="733">
    <CreationType>Cross Row Half</CreationType>
  </EAIndividual>
  <EAIndividual ID="736">
    <CreationType>Cross Row Half</CreationType>
  </EAIndividual>
  <EAIndividual ID="738">
    <CreationType>Cross Row Half</CreationType>
  </EAIndividual>
  <EAIndividual ID="740">
    <CreationType>Cross Row Half</CreationType>
  </EAIndividual>
  <EAIndividual ID="742">
    <CreationType>Cross Row Half</CreationType>
  </EAIndividual>
  <EAIndividual ID="747">
    <CreationType>Mutation Fill</CreationType>
  </EAIndividual>
  <EAIndividual ID="748">
    <CreationType>Mutation Fill</CreationType>
  </EAIndividual>
  <EAIndividual ID="749">
    <CreationType>Mutation Fill</CreationType>
  </EAIndividual>
  <EAIndividual ID="754">
    <CreationType>Mutation Fill</CreationType>
  </EAIndividual>
  <EAIndividual ID="755">
    <CreationType>Mutation Fill</CreationType>
  </EAIndividual>
  <EAIndividual ID="757">
    <CreationType>Mutation Fill</CreationType>
  </EAIndividual>
  <EAIndividual ID="760">
    <CreationType>Mutation Fill</CreationType>
  </EAIndividual>
  <EAIndividual ID="763">
    <CreationType>Cross Row Half</CreationType>
  </EAIndividual>
  <EAIndividual ID="764">
    <CreationType>Mutation Fill</CreationType>
  </EAIndividual>
  <EAIndividual ID="767">
    <CreationType>Cross Row Half</CreationType>
  </EAIndividual>
  <EAIndividual ID="771">
    <CreationType>Mutation Swap</CreationType>
  </EAIndividual>
  <EAIndividual ID="759">
    <CreationType>Cross Row Half</CreationType>
  </EAIndividual>
  <EAIndividual ID="753">
    <CreationType>Mutation Swap</CreationType>
  </EAIndividual>
  <EAIndividual ID="761">
    <CreationType>Mutation Swap</CreationType>
  </EAIndividual>
  </Population>
<OperationCount>
  <CrossoverCount>10</CrossoverCount>
  <MutationCount>27</MutationCount>
  <BreedCount>0</BreedCount>
  <ReproductionCount>3</ReproductionCount>
  <CrossoverColumnCount>15</CrossoverColumnCount>
  <CrossoverRowCount>17</CrossoverRowCount>
  <CrossoverRowRandomCount>0</CrossoverRowRandomCount>
  <CrossoverRowHalfCount>17</CrossoverRowHalfCount>
  <MutationSwapCount>10</MutationSwapCount>
  <MutationModifyCount>0</MutationModifyCount>
  <MutationNewCount>20</MutationNewCount>
</OperationCount>
<Statistics>
  <TickInit>0</TickInit>
  <TickDBPrepare>0</TickDBPrepare>
  <TickLaunchExternal>0</TickLaunchExternal>
  <TickResultImport>0</TickResultImport>
  <TickDBRemove>0</TickDBRemove>
  <TickEA>0</TickEA>
  <TickBitStringCache>0</TickBitStringCache>
  <CreationType>
    <Individual creationType="Random">
      <Create>50</Create>
      <Remove>50</Remove>
      <Best>1</Best>
      <Parent>56</Parent>
      <Reproduction>4</Reproduction>
  </Individual>
    <Individual creationType="Cross Col">
      <Create>40</Create>
      <Remove>40</Remove>
      <Best>0</Best>
      <Parent>27</Parent>
      <Reproduction>0</Reproduction>
  </Individual>
    <Individual creationType="Cross Row Random">
      <Create>0</Create>
      <Remove>0</Remove>
      <Best>0</Best>
      <Parent>0</Parent>
      <Reproduction>0</Reproduction>
  </Individual>
    <Individual creationType="Cross Row Half">
      <Create>240</Create>
      <Remove>219</Remove>
      <Best>8</Best>
      <Parent>392</Parent>
      <Reproduction>32</Reproduction>
  </Individual>
    <Individual creationType="Mutation Swap">
      <Create>209</Create>
      <Remove>199</Remove>
      <Best>0</Best>
      <Parent>175</Parent>
      <Reproduction>13</Reproduction>
  </Individual>
    <Individual creationType="Mutation Modify">
      <Create>0</Create>
      <Remove>0</Remove>
      <Best>0</Best>
      <Parent>0</Parent>
      <Reproduction>0</Reproduction>
  </Individual>
    <Individual creationType="Mutation Fill">
      <Create>232</Create>
      <Remove>213</Remove>
      <Best>4</Best>
      <Parent>274</Parent>
      <Reproduction>30</Reproduction>
  </Individual>
    <Individual creationType="Breeding">
      <Create>0</Create>
      <Remove>0</Remove>
      <Best>0</Best>
      <Parent>0</Parent>
      <Reproduction>0</Reproduction>
  </Individual>
    <Individual creationType="Data Preset">
      <Create>0</Create>
      <Remove>0</Remove>
      <Best>0</Best>
      <Parent>0</Parent>
      <Reproduction>0</Reproduction>
  </Individual>
    <Individual creationType="Restored">
      <Create>0</Create>
      <Remove>0</Remove>
      <Best>0</Best>
      <Parent>0</Parent>
      <Reproduction>0</Reproduction>
  </Individual>
  </CreationType>
</Statistics>
<History>
  <Step index="1">
    <FitnessBest>0.497</FitnessBest>
    <FitnessWorst>2.000</FitnessWorst>
    <BestCreationType>Random</BestCreationType>
    <BestChanged>1</BestChanged>
    <StepDuration>2715</StepDuration>
    <StepSpeed>18.416</StepSpeed>
  </Step>
  <Step index="2">
    <FitnessBest>0.397</FitnessBest>
    <FitnessWorst>1.967</FitnessWorst>
    <BestCreationType>Cross Row Half</BestCreationType>
    <BestChanged>1</BestChanged>
    <StepDuration>2527</StepDuration>
    <StepSpeed>19.786</StepSpeed>
  </Step>
  <Step index="3">
    <FitnessBest>0.333</FitnessBest>
    <FitnessWorst>1.000</FitnessWorst>
    <BestCreationType>Cross Row Half</BestCreationType>
    <BestChanged>1</BestChanged>
    <StepDuration>2371</StepDuration>
    <StepSpeed>21.088</StepSpeed>
  </Step>
  <Step index="4">
    <FitnessBest>0.306</FitnessBest>
    <FitnessWorst>1.000</FitnessWorst>
    <BestCreationType>Mutation Fill</BestCreationType>
    <BestChanged>1</BestChanged>
    <StepDuration>2418</StepDuration>
    <StepSpeed>20.678</StepSpeed>
  </Step>
  <Step index="5">
    <FitnessBest>0.278</FitnessBest>
    <FitnessWorst>1.333</FitnessWorst>
    <BestCreationType>Cross Row Half</BestCreationType>
    <BestChanged>1</BestChanged>
    <StepDuration>2590</StepDuration>
    <StepSpeed>19.305</StepSpeed>
  </Step>
  <Step index="6">
    <FitnessBest>0.278</FitnessBest>
    <FitnessWorst>1.000</FitnessWorst>
    <BestCreationType>Cross Row Half</BestCreationType>
    <BestChanged>0</BestChanged>
    <StepDuration>2418</StepDuration>
    <StepSpeed>20.678</StepSpeed>
  </Step>
  <Step index="7">
    <FitnessBest>0.233</FitnessBest>
    <FitnessWorst>1.000</FitnessWorst>
    <BestCreationType>Cross Row Half</BestCreationType>
    <BestChanged>1</BestChanged>
    <StepDuration>2511</StepDuration>
    <StepSpeed>19.912</StepSpeed>
  </Step>
  <Step index="8">
    <FitnessBest>0.233</FitnessBest>
    <FitnessWorst>1.000</FitnessWorst>
    <BestCreationType>Cross Row Half</BestCreationType>
    <BestChanged>0</BestChanged>
    <StepDuration>2465</StepDuration>
    <StepSpeed>20.284</StepSpeed>
  </Step>
  <Step index="9">
    <FitnessBest>0.201</FitnessBest>
    <FitnessWorst>1.000</FitnessWorst>
    <BestCreationType>Mutation Fill</BestCreationType>
    <BestChanged>1</BestChanged>
    <StepDuration>2325</StepDuration>
    <StepSpeed>21.505</StepSpeed>
  </Step>
  <Step index="10">
    <FitnessBest>0.185</FitnessBest>
    <FitnessWorst>1.198</FitnessWorst>
    <BestCreationType>Cross Row Half</BestCreationType>
    <BestChanged>1</BestChanged>
    <StepDuration>2589</StepDuration>
    <StepSpeed>19.312</StepSpeed>
  </Step>
  <Step index="11">
    <FitnessBest>0.152</FitnessBest>
    <FitnessWorst>0.233</FitnessWorst>
    <BestCreationType>Mutation Fill</BestCreationType>
    <BestChanged>1</BestChanged>
    <StepDuration>2294</StepDuration>
    <StepSpeed>21.796</StepSpeed>
  </Step>
  <Step index="12">
    <FitnessBest>0.152</FitnessBest>
    <FitnessWorst>1.000</FitnessWorst>
    <BestCreationType>Mutation Fill</BestCreationType>
    <BestChanged>0</BestChanged>
    <StepDuration>2386</StepDuration>
    <StepSpeed>20.956</StepSpeed>
  </Step>
  <Step index="13">
    <FitnessBest>0.116</FitnessBest>
    <FitnessWorst>0.201</FitnessWorst>
    <BestCreationType>Mutation Fill</BestCreationType>
    <BestChanged>1</BestChanged>
    <StepDuration>2559</StepDuration>
    <StepSpeed>19.539</StepSpeed>
  </Step>
  <Step index="14">
    <FitnessBest>0.098</FitnessBest>
    <FitnessWorst>1.096</FitnessWorst>
    <BestCreationType>Cross Row Half</BestCreationType>
    <BestChanged>1</BestChanged>
    <StepDuration>2543</StepDuration>
    <StepSpeed>19.662</StepSpeed>
  </Step>
  <Step index="15">
    <FitnessBest>0.098</FitnessBest>
    <FitnessWorst>1.998</FitnessWorst>
    <BestCreationType>Cross Row Half</BestCreationType>
    <BestChanged>0</BestChanged>
    <StepDuration>2449</StepDuration>
    <StepSpeed>20.416</StepSpeed>
  </Step>
  <Step index="16">
    <FitnessBest>0.060</FitnessBest>
    <FitnessWorst>1.101</FitnessWorst>
    <BestCreationType>Cross Row Half</BestCreationType>
    <BestChanged>1</BestChanged>
    <StepDuration>2527</StepDuration>
    <StepSpeed>19.786</StepSpeed>
  </Step>
  <Step index="17">
    <FitnessBest>0.000</FitnessBest>
    <FitnessWorst>1.000</FitnessWorst>
    <BestCreationType>Cross Row Half</BestCreationType>
    <BestChanged>1</BestChanged>
    <StepDuration>2558</StepDuration>
    <StepSpeed>19.547</StepSpeed>
  </Step>
</History>
</LMRMEAState>
