<?xml version="1.0"?>
<LMRMEAState fileVersion="1">
<Basic>
  <Step>1</Step>
  <EARandUniform>17801</EARandUniform>
  <EARandGauss>0</EARandGauss>
  <TickTotal>0</TickTotal>
  <EAIndividualID>11</EAIndividualID>
  <TaskRunProcessCount>0</TaskRunProcessCount>
  <MtbExporterProcessCount>0</MtbExporterProcessCount>
</Basic>
<Population count="10">
  <EAIndividual ID="9">
    <CreationType>Random</CreationType>
  </EAIndividual>
  <EAIndividual ID="6">
    <CreationType>Random</CreationType>
  </EAIndividual>
  <EAIndividual ID="3">
    <CreationType>Random</CreationType>
  </EAIndividual>
  <EAIndividual ID="1">
    <CreationType>Random</CreationType>
  </EAIndividual>
  <EAIndividual ID="2">
    <CreationType>Random</CreationType>
  </EAIndividual>
  <EAIndividual ID="5">
    <CreationType>Random</CreationType>
  </EAIndividual>
  <EAIndividual ID="7">
    <CreationType>Random</CreationType>
  </EAIndividual>
  <EAIndividual ID="4">
    <CreationType>Random</CreationType>
  </EAIndividual>
  <EAIndividual ID="10">
    <CreationType>Random</CreationType>
  </EAIndividual>
  <EAIndividual ID="8">
    <CreationType>Random</CreationType>
  </EAIndividual>
  </Population>
<OperationCount>
  <CrossoverCount>1025538145</CrossoverCount>
  <MutationCount>741356064</MutationCount>
  <BreedCount>1296123168</BreedCount>
  <ReproductionCount>1952543861</ReproductionCount>
  <CrossoverColumnCount>1399746409</CrossoverColumnCount>
  <CrossoverRowCount>1131438455</CrossoverRowCount>
  <CrossoverRowRandomCount>1953396079</CrossoverRowRandomCount>
  <CrossoverRowHalfCount>544760141</CrossoverRowHalfCount>
  <MutationSwapCount>741417021</MutationSwapCount>
  <MutationNewCount>1296123168</MutationNewCount>
</OperationCount>
<Statistics>
  <TickInit>0</TickInit>
  <TickDBPrepare>0</TickDBPrepare>
  <TickLaunchExternal>0</TickLaunchExternal>
  <TickResultImport>0</TickResultImport>
  <TickDBRemove>0</TickDBRemove>
  <TickEA>0</TickEA>
  <TickBitStringCache>0</TickBitStringCache>
  <CreationType>
    <Individual creationType="Random">
      <Create>10</Create>
      <Remove>0</Remove>
      <Best>1</Best>
      <Parent>0</Parent>
      <Reproduction>0</Reproduction>
  </Individual>
    <Individual creationType="Cross Col">
      <Create>0</Create>
      <Remove>0</Remove>
      <Best>0</Best>
      <Parent>0</Parent>
      <Reproduction>0</Reproduction>
  </Individual>
    <Individual creationType="Cross Row Random">
      <Create>0</Create>
      <Remove>0</Remove>
      <Best>0</Best>
      <Parent>0</Parent>
      <Reproduction>0</Reproduction>
  </Individual>
    <Individual creationType="Cross Row Half">
      <Create>0</Create>
      <Remove>0</Remove>
      <Best>0</Best>
      <Parent>0</Parent>
      <Reproduction>0</Reproduction>
  </Individual>
    <Individual creationType="Mutation Swap">
      <Create>0</Create>
      <Remove>0</Remove>
      <Best>0</Best>
      <Parent>0</Parent>
      <Reproduction>0</Reproduction>
  </Individual>
    <Individual creationType="Mutation Fill">
      <Create>0</Create>
      <Remove>0</Remove>
      <Best>0</Best>
      <Parent>0</Parent>
      <Reproduction>0</Reproduction>
  </Individual>
    <Individual creationType="Breeding">
      <Create>0</Create>
      <Remove>0</Remove>
      <Best>0</Best>
      <Parent>0</Parent>
      <Reproduction>0</Reproduction>
  </Individual>
    <Individual creationType="Data Preset">
      <Create>0</Create>
      <Remove>0</Remove>
      <Best>0</Best>
      <Parent>0</Parent>
      <Reproduction>0</Reproduction>
  </Individual>
    <Individual creationType="Restored">
      <Create>0</Create>
      <Remove>0</Remove>
      <Best>0</Best>
      <Parent>0</Parent>
      <Reproduction>0</Reproduction>
  </Individual>
  </CreationType>
</Statistics>
<History>
  <Step index="1">
    <FitnessBest>0.000</FitnessBest>
    <FitnessWorst>0.367</FitnessWorst>
    <BestCreationType>Random</BestCreationType>
    <BestChanged>1</BestChanged>
    <StepDuration>10561</StepDuration>
    <StepSpeed>0.947</StepSpeed>
  </Step>
</History>
</LMRMEAState>
