<?xml version="1.0"?>
<LMRMEARandomizerState fileVersion="1">
<Basic>
  <Step>54</Step>
  <EARandUniform>44873</EARandUniform>
  <EARandGauss>0</EARandGauss>
  <TickTotal>0</TickTotal>
  <EAIndividualID>443</EAIndividualID>
  <TaskRunProcessCount>0</TaskRunProcessCount>
  <MtbExporterProcessCount>0</MtbExporterProcessCount>
</Basic>
<Population count="18">
  <EAIndividual ID="1">
    <CreationType>Data Preset</CreationType>
  </EAIndividual>
  <EAIndividual ID="411">
    <CreationType>Mutation Modify</CreationType>
  </EAIndividual>
  <EAIndividual ID="413">
    <CreationType>Mutation Modify</CreationType>
  </EAIndividual>
  <EAIndividual ID="418">
    <CreationType>Mutation Modify</CreationType>
  </EAIndividual>
  <EAIndividual ID="419">
    <CreationType>Mutation Modify</CreationType>
  </EAIndividual>
  <EAIndividual ID="421">
    <CreationType>Mutation Modify</CreationType>
  </EAIndividual>
  <EAIndividual ID="427">
    <CreationType>Mutation Modify</CreationType>
  </EAIndividual>
  <EAIndividual ID="428">
    <CreationType>Mutation Modify</CreationType>
  </EAIndividual>
  <EAIndividual ID="429">
    <CreationType>Mutation Modify</CreationType>
  </EAIndividual>
  <EAIndividual ID="433">
    <CreationType>Mutation Modify</CreationType>
  </EAIndividual>
  <EAIndividual ID="435">
    <CreationType>Mutation Modify</CreationType>
  </EAIndividual>
  <EAIndividual ID="436">
    <CreationType>Mutation Modify</CreationType>
  </EAIndividual>
  <EAIndividual ID="437">
    <CreationType>Mutation Modify</CreationType>
  </EAIndividual>
  <EAIndividual ID="438">
    <CreationType>Mutation Modify</CreationType>
  </EAIndividual>
  <EAIndividual ID="439">
    <CreationType>Mutation Modify</CreationType>
  </EAIndividual>
  <EAIndividual ID="440">
    <CreationType>Mutation Modify</CreationType>
  </EAIndividual>
  <EAIndividual ID="441">
    <CreationType>Mutation Modify</CreationType>
  </EAIndividual>
  <EAIndividual ID="442">
    <CreationType>Mutation Modify</CreationType>
  </EAIndividual>
  </Population>
<OperationCount>
  <CrossoverCount>0</CrossoverCount>
  <MutationCount>8</MutationCount>
  <BreedCount>539767072</BreedCount>
  <ReproductionCount>2</ReproductionCount>
  <CrossoverColumnCount>0</CrossoverColumnCount>
  <CrossoverRowCount>3</CrossoverRowCount>
  <CrossoverRowRandomCount>0</CrossoverRowRandomCount>
  <CrossoverRowHalfCount>3</CrossoverRowHalfCount>
  <MutationSwapCount>0</MutationSwapCount>
  <MutationModifyCount>8</MutationModifyCount>
  <MutationNewCount>0</MutationNewCount>
</OperationCount>
<Statistics>
  <TickInit>0</TickInit>
  <TickDBPrepare>0</TickDBPrepare>
  <TickLaunchExternal>0</TickLaunchExternal>
  <TickResultImport>0</TickResultImport>
  <TickDBRemove>0</TickDBRemove>
  <TickEA>0</TickEA>
  <TickBitStringCache>0</TickBitStringCache>
  <CreationType>
    <Individual creationType="Random">
      <Create>0</Create>
      <Remove>0</Remove>
      <Best>0</Best>
      <Parent>0</Parent>
      <Reproduction>0</Reproduction>
  </Individual>
    <Individual creationType="Cross Col">
      <Create>0</Create>
      <Remove>0</Remove>
      <Best>0</Best>
      <Parent>0</Parent>
      <Reproduction>0</Reproduction>
  </Individual>
    <Individual creationType="Cross Row Random">
      <Create>0</Create>
      <Remove>0</Remove>
      <Best>0</Best>
      <Parent>0</Parent>
      <Reproduction>0</Reproduction>
  </Individual>
    <Individual creationType="Cross Row Half">
      <Create>0</Create>
      <Remove>0</Remove>
      <Best>0</Best>
      <Parent>0</Parent>
      <Reproduction>0</Reproduction>
  </Individual>
    <Individual creationType="Mutation Swap">
      <Create>0</Create>
      <Remove>0</Remove>
      <Best>0</Best>
      <Parent>0</Parent>
      <Reproduction>0</Reproduction>
  </Individual>
    <Individual creationType="Mutation Modify">
      <Create>441</Create>
      <Remove>183</Remove>
      <Best>53</Best>
      <Parent>602</Parent>
      <Reproduction>54</Reproduction>
  </Individual>
    <Individual creationType="Mutation Fill">
      <Create>0</Create>
      <Remove>0</Remove>
      <Best>0</Best>
      <Parent>0</Parent>
      <Reproduction>0</Reproduction>
  </Individual>
    <Individual creationType="Breeding">
      <Create>0</Create>
      <Remove>0</Remove>
      <Best>0</Best>
      <Parent>0</Parent>
      <Reproduction>0</Reproduction>
  </Individual>
    <Individual creationType="Data Preset">
      <Create>1</Create>
      <Remove>0</Remove>
      <Best>0</Best>
      <Parent>9</Parent>
      <Reproduction>54</Reproduction>
  </Individual>
    <Individual creationType="Restored">
      <Create>0</Create>
      <Remove>0</Remove>
      <Best>0</Best>
      <Parent>0</Parent>
      <Reproduction>0</Reproduction>
  </Individual>
  </CreationType>
</Statistics>
<History>
  <Step index="1">
    <RandomizerValueHighest>0.766</RandomizerValueHighest>
    <BestCreationType>Mutation Modify</BestCreationType>
    <BestChanged>1</BestChanged>
    <StepDuration>17020</StepDuration>
    <StepSpeed>0.588</StepSpeed>
  </Step>
  <Step index="2">
    <RandomizerValueHighest>1.513</RandomizerValueHighest>
    <BestCreationType>Mutation Modify</BestCreationType>
    <BestChanged>1</BestChanged>
    <StepDuration>13634</StepDuration>
    <StepSpeed>0.733</StepSpeed>
  </Step>
  <Step index="3">
    <RandomizerValueHighest>2.005</RandomizerValueHighest>
    <BestCreationType>Mutation Modify</BestCreationType>
    <BestChanged>1</BestChanged>
    <StepDuration>14945</StepDuration>
    <StepSpeed>0.669</StepSpeed>
  </Step>
  <Step index="4">
    <RandomizerValueHighest>2.629</RandomizerValueHighest>
    <BestCreationType>Mutation Modify</BestCreationType>
    <BestChanged>1</BestChanged>
    <StepDuration>14727</StepDuration>
    <StepSpeed>0.679</StepSpeed>
  </Step>
  <Step index="5">
    <RandomizerValueHighest>2.650</RandomizerValueHighest>
    <BestCreationType>Mutation Modify</BestCreationType>
    <BestChanged>1</BestChanged>
    <StepDuration>15818</StepDuration>
    <StepSpeed>0.632</StepSpeed>
  </Step>
  <Step index="6">
    <RandomizerValueHighest>2.671</RandomizerValueHighest>
    <BestCreationType>Mutation Modify</BestCreationType>
    <BestChanged>1</BestChanged>
    <StepDuration>17160</StepDuration>
    <StepSpeed>0.583</StepSpeed>
  </Step>
  <Step index="7">
    <RandomizerValueHighest>2.900</RandomizerValueHighest>
    <BestCreationType>Mutation Modify</BestCreationType>
    <BestChanged>1</BestChanged>
    <StepDuration>13775</StepDuration>
    <StepSpeed>0.726</StepSpeed>
  </Step>
  <Step index="8">
    <RandomizerValueHighest>2.900</RandomizerValueHighest>
    <BestCreationType>Mutation Modify</BestCreationType>
    <BestChanged>0</BestChanged>
    <StepDuration>16068</StepDuration>
    <StepSpeed>0.622</StepSpeed>
  </Step>
  <Step index="9">
    <RandomizerValueHighest>3.016</RandomizerValueHighest>
    <BestCreationType>Mutation Modify</BestCreationType>
    <BestChanged>1</BestChanged>
    <StepDuration>16349</StepDuration>
    <StepSpeed>0.612</StepSpeed>
  </Step>
  <Step index="10">
    <RandomizerValueHighest>3.066</RandomizerValueHighest>
    <BestCreationType>Mutation Modify</BestCreationType>
    <BestChanged>1</BestChanged>
    <StepDuration>39843</StepDuration>
    <StepSpeed>0.251</StepSpeed>
  </Step>
  <Step index="11">
    <RandomizerValueHighest>3.111</RandomizerValueHighest>
    <BestCreationType>Mutation Modify</BestCreationType>
    <BestChanged>1</BestChanged>
    <StepDuration>16162</StepDuration>
    <StepSpeed>0.619</StepSpeed>
  </Step>
  <Step index="12">
    <RandomizerValueHighest>3.226</RandomizerValueHighest>
    <BestCreationType>Mutation Modify</BestCreationType>
    <BestChanged>1</BestChanged>
    <StepDuration>18657</StepDuration>
    <StepSpeed>0.536</StepSpeed>
  </Step>
  <Step index="13">
    <RandomizerValueHighest>3.305</RandomizerValueHighest>
    <BestCreationType>Mutation Modify</BestCreationType>
    <BestChanged>1</BestChanged>
    <StepDuration>13822</StepDuration>
    <StepSpeed>0.723</StepSpeed>
  </Step>
  <Step index="14">
    <RandomizerValueHighest>3.347</RandomizerValueHighest>
    <BestCreationType>Mutation Modify</BestCreationType>
    <BestChanged>1</BestChanged>
    <StepDuration>13775</StepDuration>
    <StepSpeed>0.726</StepSpeed>
  </Step>
  <Step index="15">
    <RandomizerValueHighest>3.379</RandomizerValueHighest>
    <BestCreationType>Mutation Modify</BestCreationType>
    <BestChanged>1</BestChanged>
    <StepDuration>14960</StepDuration>
    <StepSpeed>0.668</StepSpeed>
  </Step>
  <Step index="16">
    <RandomizerValueHighest>3.455</RandomizerValueHighest>
    <BestCreationType>Mutation Modify</BestCreationType>
    <BestChanged>1</BestChanged>
    <StepDuration>14930</StepDuration>
    <StepSpeed>0.670</StepSpeed>
  </Step>
  <Step index="17">
    <RandomizerValueHighest>3.555</RandomizerValueHighest>
    <BestCreationType>Mutation Modify</BestCreationType>
    <BestChanged>1</BestChanged>
    <StepDuration>16005</StepDuration>
    <StepSpeed>0.625</StepSpeed>
  </Step>
  <Step index="18">
    <RandomizerValueHighest>3.587</RandomizerValueHighest>
    <BestCreationType>Mutation Modify</BestCreationType>
    <BestChanged>1</BestChanged>
    <StepDuration>13604</StepDuration>
    <StepSpeed>0.735</StepSpeed>
  </Step>
  <Step index="19">
    <RandomizerValueHighest>3.711</RandomizerValueHighest>
    <BestCreationType>Mutation Modify</BestCreationType>
    <BestChanged>1</BestChanged>
    <StepDuration>18501</StepDuration>
    <StepSpeed>0.541</StepSpeed>
  </Step>
  <Step index="20">
    <RandomizerValueHighest>3.811</RandomizerValueHighest>
    <BestCreationType>Mutation Modify</BestCreationType>
    <BestChanged>1</BestChanged>
    <StepDuration>18175</StepDuration>
    <StepSpeed>0.550</StepSpeed>
  </Step>
  <Step index="21">
    <RandomizerValueHighest>3.916</RandomizerValueHighest>
    <BestCreationType>Mutation Modify</BestCreationType>
    <BestChanged>1</BestChanged>
    <StepDuration>73507</StepDuration>
    <StepSpeed>0.136</StepSpeed>
  </Step>
  <Step index="22">
    <RandomizerValueHighest>4.021</RandomizerValueHighest>
    <BestCreationType>Mutation Modify</BestCreationType>
    <BestChanged>1</BestChanged>
    <StepDuration>15054</StepDuration>
    <StepSpeed>0.664</StepSpeed>
  </Step>
  <Step index="23">
    <RandomizerValueHighest>4.147</RandomizerValueHighest>
    <BestCreationType>Mutation Modify</BestCreationType>
    <BestChanged>1</BestChanged>
    <StepDuration>14758</StepDuration>
    <StepSpeed>0.678</StepSpeed>
  </Step>
  <Step index="24">
    <RandomizerValueHighest>4.234</RandomizerValueHighest>
    <BestCreationType>Mutation Modify</BestCreationType>
    <BestChanged>1</BestChanged>
    <StepDuration>15975</StepDuration>
    <StepSpeed>0.626</StepSpeed>
  </Step>
  <Step index="25">
    <RandomizerValueHighest>4.387</RandomizerValueHighest>
    <BestCreationType>Mutation Modify</BestCreationType>
    <BestChanged>1</BestChanged>
    <StepDuration>13821</StepDuration>
    <StepSpeed>0.724</StepSpeed>
  </Step>
  <Step index="26">
    <RandomizerValueHighest>4.455</RandomizerValueHighest>
    <BestCreationType>Mutation Modify</BestCreationType>
    <BestChanged>1</BestChanged>
    <StepDuration>16146</StepDuration>
    <StepSpeed>0.619</StepSpeed>
  </Step>
  <Step index="27">
    <RandomizerValueHighest>4.500</RandomizerValueHighest>
    <BestCreationType>Mutation Modify</BestCreationType>
    <BestChanged>1</BestChanged>
    <StepDuration>15039</StepDuration>
    <StepSpeed>0.665</StepSpeed>
  </Step>
  <Step index="28">
    <RandomizerValueHighest>4.542</RandomizerValueHighest>
    <BestCreationType>Mutation Modify</BestCreationType>
    <BestChanged>1</BestChanged>
    <StepDuration>14960</StepDuration>
    <StepSpeed>0.668</StepSpeed>
  </Step>
  <Step index="29">
    <RandomizerValueHighest>4.634</RandomizerValueHighest>
    <BestCreationType>Mutation Modify</BestCreationType>
    <BestChanged>1</BestChanged>
    <StepDuration>13682</StepDuration>
    <StepSpeed>0.731</StepSpeed>
  </Step>
  <Step index="30">
    <RandomizerValueHighest>4.750</RandomizerValueHighest>
    <BestCreationType>Mutation Modify</BestCreationType>
    <BestChanged>1</BestChanged>
    <StepDuration>13650</StepDuration>
    <StepSpeed>0.733</StepSpeed>
  </Step>
  <Step index="31">
    <RandomizerValueHighest>4.800</RandomizerValueHighest>
    <BestCreationType>Mutation Modify</BestCreationType>
    <BestChanged>1</BestChanged>
    <StepDuration>14695</StepDuration>
    <StepSpeed>0.681</StepSpeed>
  </Step>
  <Step index="32">
    <RandomizerValueHighest>4.934</RandomizerValueHighest>
    <BestCreationType>Mutation Modify</BestCreationType>
    <BestChanged>1</BestChanged>
    <StepDuration>14914</StepDuration>
    <StepSpeed>0.671</StepSpeed>
  </Step>
  <Step index="33">
    <RandomizerValueHighest>4.989</RandomizerValueHighest>
    <BestCreationType>Mutation Modify</BestCreationType>
    <BestChanged>1</BestChanged>
    <StepDuration>14913</StepDuration>
    <StepSpeed>0.671</StepSpeed>
  </Step>
  <Step index="34">
    <RandomizerValueHighest>5.008</RandomizerValueHighest>
    <BestCreationType>Mutation Modify</BestCreationType>
    <BestChanged>1</BestChanged>
    <StepDuration>14852</StepDuration>
    <StepSpeed>0.673</StepSpeed>
  </Step>
  <Step index="35">
    <RandomizerValueHighest>5.111</RandomizerValueHighest>
    <BestCreationType>Mutation Modify</BestCreationType>
    <BestChanged>1</BestChanged>
    <StepDuration>16037</StepDuration>
    <StepSpeed>0.624</StepSpeed>
  </Step>
  <Step index="36">
    <RandomizerValueHighest>5.184</RandomizerValueHighest>
    <BestCreationType>Mutation Modify</BestCreationType>
    <BestChanged>1</BestChanged>
    <StepDuration>16068</StepDuration>
    <StepSpeed>0.622</StepSpeed>
  </Step>
  <Step index="37">
    <RandomizerValueHighest>5.292</RandomizerValueHighest>
    <BestCreationType>Mutation Modify</BestCreationType>
    <BestChanged>1</BestChanged>
    <StepDuration>13790</StepDuration>
    <StepSpeed>0.725</StepSpeed>
  </Step>
  <Step index="38">
    <RandomizerValueHighest>5.405</RandomizerValueHighest>
    <BestCreationType>Mutation Modify</BestCreationType>
    <BestChanged>1</BestChanged>
    <StepDuration>19656</StepDuration>
    <StepSpeed>0.509</StepSpeed>
  </Step>
  <Step index="39">
    <RandomizerValueHighest>5.508</RandomizerValueHighest>
    <BestCreationType>Mutation Modify</BestCreationType>
    <BestChanged>1</BestChanged>
    <StepDuration>14898</StepDuration>
    <StepSpeed>0.671</StepSpeed>
  </Step>
  <Step index="40">
    <RandomizerValueHighest>5.555</RandomizerValueHighest>
    <BestCreationType>Mutation Modify</BestCreationType>
    <BestChanged>1</BestChanged>
    <StepDuration>16146</StepDuration>
    <StepSpeed>0.619</StepSpeed>
  </Step>
  <Step index="41">
    <RandomizerValueHighest>5.684</RandomizerValueHighest>
    <BestCreationType>Mutation Modify</BestCreationType>
    <BestChanged>1</BestChanged>
    <StepDuration>16022</StepDuration>
    <StepSpeed>0.624</StepSpeed>
  </Step>
  <Step index="42">
    <RandomizerValueHighest>5.850</RandomizerValueHighest>
    <BestCreationType>Mutation Modify</BestCreationType>
    <BestChanged>1</BestChanged>
    <StepDuration>124645</StepDuration>
    <StepSpeed>0.080</StepSpeed>
  </Step>
  <Step index="43">
    <RandomizerValueHighest>5.929</RandomizerValueHighest>
    <BestCreationType>Mutation Modify</BestCreationType>
    <BestChanged>1</BestChanged>
    <StepDuration>19063</StepDuration>
    <StepSpeed>0.525</StepSpeed>
  </Step>
  <Step index="44">
    <RandomizerValueHighest>6.034</RandomizerValueHighest>
    <BestCreationType>Mutation Modify</BestCreationType>
    <BestChanged>1</BestChanged>
    <StepDuration>14758</StepDuration>
    <StepSpeed>0.678</StepSpeed>
  </Step>
  <Step index="45">
    <RandomizerValueHighest>6.118</RandomizerValueHighest>
    <BestCreationType>Mutation Modify</BestCreationType>
    <BestChanged>1</BestChanged>
    <StepDuration>14320</StepDuration>
    <StepSpeed>0.698</StepSpeed>
  </Step>
  <Step index="46">
    <RandomizerValueHighest>6.147</RandomizerValueHighest>
    <BestCreationType>Mutation Modify</BestCreationType>
    <BestChanged>1</BestChanged>
    <StepDuration>17379</StepDuration>
    <StepSpeed>0.575</StepSpeed>
  </Step>
  <Step index="47">
    <RandomizerValueHighest>6.234</RandomizerValueHighest>
    <BestCreationType>Mutation Modify</BestCreationType>
    <BestChanged>1</BestChanged>
    <StepDuration>17706</StepDuration>
    <StepSpeed>0.565</StepSpeed>
  </Step>
  <Step index="48">
    <RandomizerValueHighest>6.295</RandomizerValueHighest>
    <BestCreationType>Mutation Modify</BestCreationType>
    <BestChanged>1</BestChanged>
    <StepDuration>16193</StepDuration>
    <StepSpeed>0.618</StepSpeed>
  </Step>
  <Step index="49">
    <RandomizerValueHighest>6.408</RandomizerValueHighest>
    <BestCreationType>Mutation Modify</BestCreationType>
    <BestChanged>1</BestChanged>
    <StepDuration>18720</StepDuration>
    <StepSpeed>0.534</StepSpeed>
  </Step>
  <Step index="50">
    <RandomizerValueHighest>6.508</RandomizerValueHighest>
    <BestCreationType>Mutation Modify</BestCreationType>
    <BestChanged>1</BestChanged>
    <StepDuration>14836</StepDuration>
    <StepSpeed>0.674</StepSpeed>
  </Step>
  <Step index="51">
    <RandomizerValueHighest>6.553</RandomizerValueHighest>
    <BestCreationType>Mutation Modify</BestCreationType>
    <BestChanged>1</BestChanged>
    <StepDuration>14695</StepDuration>
    <StepSpeed>0.681</StepSpeed>
  </Step>
  <Step index="52">
    <RandomizerValueHighest>6.616</RandomizerValueHighest>
    <BestCreationType>Mutation Modify</BestCreationType>
    <BestChanged>1</BestChanged>
    <StepDuration>13432</StepDuration>
    <StepSpeed>0.744</StepSpeed>
  </Step>
  <Step index="53">
    <RandomizerValueHighest>6.695</RandomizerValueHighest>
    <BestCreationType>Mutation Modify</BestCreationType>
    <BestChanged>1</BestChanged>
    <StepDuration>18580</StepDuration>
    <StepSpeed>0.538</StepSpeed>
  </Step>
  <Step index="54">
    <RandomizerValueHighest>6.742</RandomizerValueHighest>
    <BestCreationType>Mutation Modify</BestCreationType>
    <BestChanged>1</BestChanged>
    <StepDuration>15381</StepDuration>
    <StepSpeed>0.650</StepSpeed>
  </Step>
</History>
</LMRMEARandomizerState>
