<?xml version="1.0"?>
<LMRMEAState fileVersion="1">
<Basic>
  <Step>1</Step>
  <EARandUniform>1625</EARandUniform>
  <EARandGauss>0</EARandGauss>
  <TickTotal>0</TickTotal>
  <EAIndividualID>51</EAIndividualID>
  <TaskRunProcessCount>0</TaskRunProcessCount>
  <MtbExporterProcessCount>0</MtbExporterProcessCount>
</Basic>
<Population count="50">
  <EAIndividual ID="1">
    <CreationType>Data Preset</CreationType>
  </EAIndividual>
  <EAIndividual ID="3">
    <CreationType>Mutation Fill</CreationType>
  </EAIndividual>
  <EAIndividual ID="5">
    <CreationType>Mutation Fill</CreationType>
  </EAIndividual>
  <EAIndividual ID="7">
    <CreationType>Mutation Fill</CreationType>
  </EAIndividual>
  <EAIndividual ID="9">
    <CreationType>Mutation Fill</CreationType>
  </EAIndividual>
  <EAIndividual ID="10">
    <CreationType>Mutation Fill</CreationType>
  </EAIndividual>
  <EAIndividual ID="11">
    <CreationType>Mutation Fill</CreationType>
  </EAIndividual>
  <EAIndividual ID="12">
    <CreationType>Mutation Fill</CreationType>
  </EAIndividual>
  <EAIndividual ID="15">
    <CreationType>Mutation Fill</CreationType>
  </EAIndividual>
  <EAIndividual ID="16">
    <CreationType>Mutation Fill</CreationType>
  </EAIndividual>
  <EAIndividual ID="17">
    <CreationType>Mutation Fill</CreationType>
  </EAIndividual>
  <EAIndividual ID="21">
    <CreationType>Mutation Fill</CreationType>
  </EAIndividual>
  <EAIndividual ID="22">
    <CreationType>Mutation Fill</CreationType>
  </EAIndividual>
  <EAIndividual ID="23">
    <CreationType>Mutation Fill</CreationType>
  </EAIndividual>
  <EAIndividual ID="24">
    <CreationType>Mutation Fill</CreationType>
  </EAIndividual>
  <EAIndividual ID="25">
    <CreationType>Mutation Fill</CreationType>
  </EAIndividual>
  <EAIndividual ID="26">
    <CreationType>Mutation Fill</CreationType>
  </EAIndividual>
  <EAIndividual ID="27">
    <CreationType>Mutation Fill</CreationType>
  </EAIndividual>
  <EAIndividual ID="28">
    <CreationType>Mutation Fill</CreationType>
  </EAIndividual>
  <EAIndividual ID="29">
    <CreationType>Mutation Fill</CreationType>
  </EAIndividual>
  <EAIndividual ID="30">
    <CreationType>Mutation Fill</CreationType>
  </EAIndividual>
  <EAIndividual ID="31">
    <CreationType>Mutation Fill</CreationType>
  </EAIndividual>
  <EAIndividual ID="33">
    <CreationType>Mutation Fill</CreationType>
  </EAIndividual>
  <EAIndividual ID="34">
    <CreationType>Mutation Fill</CreationType>
  </EAIndividual>
  <EAIndividual ID="35">
    <CreationType>Mutation Fill</CreationType>
  </EAIndividual>
  <EAIndividual ID="36">
    <CreationType>Mutation Fill</CreationType>
  </EAIndividual>
  <EAIndividual ID="37">
    <CreationType>Mutation Fill</CreationType>
  </EAIndividual>
  <EAIndividual ID="39">
    <CreationType>Mutation Fill</CreationType>
  </EAIndividual>
  <EAIndividual ID="41">
    <CreationType>Mutation Fill</CreationType>
  </EAIndividual>
  <EAIndividual ID="42">
    <CreationType>Mutation Fill</CreationType>
  </EAIndividual>
  <EAIndividual ID="43">
    <CreationType>Mutation Fill</CreationType>
  </EAIndividual>
  <EAIndividual ID="45">
    <CreationType>Mutation Swap</CreationType>
  </EAIndividual>
  <EAIndividual ID="46">
    <CreationType>Mutation Fill</CreationType>
  </EAIndividual>
  <EAIndividual ID="47">
    <CreationType>Mutation Fill</CreationType>
  </EAIndividual>
  <EAIndividual ID="48">
    <CreationType>Mutation Fill</CreationType>
  </EAIndividual>
  <EAIndividual ID="49">
    <CreationType>Mutation Fill</CreationType>
  </EAIndividual>
  <EAIndividual ID="50">
    <CreationType>Mutation Fill</CreationType>
  </EAIndividual>
  <EAIndividual ID="20">
    <CreationType>Mutation Fill</CreationType>
  </EAIndividual>
  <EAIndividual ID="18">
    <CreationType>Mutation Fill</CreationType>
  </EAIndividual>
  <EAIndividual ID="32">
    <CreationType>Mutation Fill</CreationType>
  </EAIndividual>
  <EAIndividual ID="44">
    <CreationType>Mutation Fill</CreationType>
  </EAIndividual>
  <EAIndividual ID="40">
    <CreationType>Mutation Fill</CreationType>
  </EAIndividual>
  <EAIndividual ID="6">
    <CreationType>Mutation Fill</CreationType>
  </EAIndividual>
  <EAIndividual ID="14">
    <CreationType>Mutation Fill</CreationType>
  </EAIndividual>
  <EAIndividual ID="38">
    <CreationType>Mutation Swap</CreationType>
  </EAIndividual>
  <EAIndividual ID="19">
    <CreationType>Mutation Swap</CreationType>
  </EAIndividual>
  <EAIndividual ID="13">
    <CreationType>Mutation Fill</CreationType>
  </EAIndividual>
  <EAIndividual ID="4">
    <CreationType>Mutation Fill</CreationType>
  </EAIndividual>
  <EAIndividual ID="8">
    <CreationType>Mutation Fill</CreationType>
  </EAIndividual>
  <EAIndividual ID="2">
    <CreationType>Data Preset</CreationType>
  </EAIndividual>
  </Population>
<OperationCount>
  <CrossoverCount>1919242338</CrossoverCount>
  <MutationCount>540876947</MutationCount>
  <BreedCount>539766835</BreedCount>
  <ReproductionCount>1967997253</ReproductionCount>
  <CrossoverColumnCount>1769234804</CrossoverColumnCount>
  <CrossoverRowCount>2001956463</CrossoverRowCount>
  <CrossoverRowRandomCount>1917874273</CrossoverRowRandomCount>
  <CrossoverRowHalfCount>1699766895</CrossoverRowHalfCount>
  <MutationSwapCount>1025532789</MutationSwapCount>
  <MutationNewCount>539768161</MutationNewCount>
</OperationCount>
<Statistics>
  <TickInit>0</TickInit>
  <TickDBPrepare>0</TickDBPrepare>
  <TickLaunchExternal>0</TickLaunchExternal>
  <TickResultImport>0</TickResultImport>
  <TickDBRemove>0</TickDBRemove>
  <TickEA>0</TickEA>
  <TickBitStringCache>0</TickBitStringCache>
  <CreationType>
    <Individual creationType="Random">
      <Create>0</Create>
      <Remove>0</Remove>
      <Best>0</Best>
      <Parent>0</Parent>
      <Reproduction>0</Reproduction>
  </Individual>
    <Individual creationType="Cross Col">
      <Create>0</Create>
      <Remove>0</Remove>
      <Best>0</Best>
      <Parent>0</Parent>
      <Reproduction>0</Reproduction>
  </Individual>
    <Individual creationType="Cross Row Random">
      <Create>0</Create>
      <Remove>0</Remove>
      <Best>0</Best>
      <Parent>0</Parent>
      <Reproduction>0</Reproduction>
  </Individual>
    <Individual creationType="Cross Row Half">
      <Create>0</Create>
      <Remove>0</Remove>
      <Best>0</Best>
      <Parent>0</Parent>
      <Reproduction>0</Reproduction>
  </Individual>
    <Individual creationType="Mutation Swap">
      <Create>3</Create>
      <Remove>0</Remove>
      <Best>0</Best>
      <Parent>0</Parent>
      <Reproduction>0</Reproduction>
  </Individual>
    <Individual creationType="Mutation Fill">
      <Create>45</Create>
      <Remove>0</Remove>
      <Best>0</Best>
      <Parent>0</Parent>
      <Reproduction>0</Reproduction>
  </Individual>
    <Individual creationType="Breeding">
      <Create>0</Create>
      <Remove>0</Remove>
      <Best>0</Best>
      <Parent>0</Parent>
      <Reproduction>0</Reproduction>
  </Individual>
    <Individual creationType="Data Preset">
      <Create>2</Create>
      <Remove>0</Remove>
      <Best>1</Best>
      <Parent>68</Parent>
      <Reproduction>0</Reproduction>
  </Individual>
    <Individual creationType="Restored">
      <Create>0</Create>
      <Remove>0</Remove>
      <Best>0</Best>
      <Parent>0</Parent>
      <Reproduction>0</Reproduction>
  </Individual>
  </CreationType>
</Statistics>
<History>
  <Step index="1">
    <FitnessBest>0.000</FitnessBest>
    <FitnessWorst>5.644</FitnessWorst>
    <BestCreationType>Data Preset</BestCreationType>
    <BestChanged>1</BestChanged>
    <StepDuration>43649</StepDuration>
    <StepSpeed>1.146</StepSpeed>
  </Step>
</History>
</LMRMEAState>
