<?xml version="1.0"?>
<LMRMEAState fileVersion="1">
<Basic>
  <Step>63</Step>
  <EARandUniform>98549</EARandUniform>
  <EARandGauss>0</EARandGauss>
  <TickTotal>0</TickTotal>
  <EAIndividualID>2559</EAIndividualID>
  <TaskRunProcessCount>8</TaskRunProcessCount>
  <MtbExporterProcessCount>0</MtbExporterProcessCount>
</Basic>
<Population count="50">
  <EAIndividual ID="2319">
    <CreationType>Mutation Fill</CreationType>
  </EAIndividual>
  <EAIndividual ID="2489">
    <CreationType>Breeding</CreationType>
  </EAIndividual>
  <EAIndividual ID="2510">
    <CreationType>Cross Row Half</CreationType>
  </EAIndividual>
  <EAIndividual ID="2214">
    <CreationType>Breeding</CreationType>
  </EAIndividual>
  <EAIndividual ID="3">
    <CreationType>Data Preset</CreationType>
  </EAIndividual>
  <EAIndividual ID="1">
    <CreationType>Data Preset</CreationType>
  </EAIndividual>
  <EAIndividual ID="5">
    <CreationType>Data Preset</CreationType>
  </EAIndividual>
  <EAIndividual ID="4">
    <CreationType>Data Preset</CreationType>
  </EAIndividual>
  <EAIndividual ID="6">
    <CreationType>Data Preset</CreationType>
  </EAIndividual>
  <EAIndividual ID="2">
    <CreationType>Data Preset</CreationType>
  </EAIndividual>
  <EAIndividual ID="2519">
    <CreationType>Breeding</CreationType>
  </EAIndividual>
  <EAIndividual ID="2520">
    <CreationType>Breeding</CreationType>
  </EAIndividual>
  <EAIndividual ID="2521">
    <CreationType>Cross Row Half</CreationType>
  </EAIndividual>
  <EAIndividual ID="2522">
    <CreationType>Cross Row Half</CreationType>
  </EAIndividual>
  <EAIndividual ID="2523">
    <CreationType>Mutation Fill</CreationType>
  </EAIndividual>
  <EAIndividual ID="2524">
    <CreationType>Breeding</CreationType>
  </EAIndividual>
  <EAIndividual ID="2525">
    <CreationType>Breeding</CreationType>
  </EAIndividual>
  <EAIndividual ID="2526">
    <CreationType>Breeding</CreationType>
  </EAIndividual>
  <EAIndividual ID="2527">
    <CreationType>Mutation Fill</CreationType>
  </EAIndividual>
  <EAIndividual ID="2528">
    <CreationType>Breeding</CreationType>
  </EAIndividual>
  <EAIndividual ID="2529">
    <CreationType>Breeding</CreationType>
  </EAIndividual>
  <EAIndividual ID="2530">
    <CreationType>Mutation Fill</CreationType>
  </EAIndividual>
  <EAIndividual ID="2531">
    <CreationType>Mutation Fill</CreationType>
  </EAIndividual>
  <EAIndividual ID="2532">
    <CreationType>Breeding</CreationType>
  </EAIndividual>
  <EAIndividual ID="2533">
    <CreationType>Breeding</CreationType>
  </EAIndividual>
  <EAIndividual ID="2534">
    <CreationType>Breeding</CreationType>
  </EAIndividual>
  <EAIndividual ID="2535">
    <CreationType>Breeding</CreationType>
  </EAIndividual>
  <EAIndividual ID="2536">
    <CreationType>Breeding</CreationType>
  </EAIndividual>
  <EAIndividual ID="2537">
    <CreationType>Breeding</CreationType>
  </EAIndividual>
  <EAIndividual ID="2538">
    <CreationType>Breeding</CreationType>
  </EAIndividual>
  <EAIndividual ID="2539">
    <CreationType>Breeding</CreationType>
  </EAIndividual>
  <EAIndividual ID="2540">
    <CreationType>Breeding</CreationType>
  </EAIndividual>
  <EAIndividual ID="2541">
    <CreationType>Breeding</CreationType>
  </EAIndividual>
  <EAIndividual ID="2542">
    <CreationType>Cross Row Random</CreationType>
  </EAIndividual>
  <EAIndividual ID="2543">
    <CreationType>Cross Row Random</CreationType>
  </EAIndividual>
  <EAIndividual ID="2544">
    <CreationType>Breeding</CreationType>
  </EAIndividual>
  <EAIndividual ID="2545">
    <CreationType>Breeding</CreationType>
  </EAIndividual>
  <EAIndividual ID="2546">
    <CreationType>Breeding</CreationType>
  </EAIndividual>
  <EAIndividual ID="2547">
    <CreationType>Cross Row Half</CreationType>
  </EAIndividual>
  <EAIndividual ID="2548">
    <CreationType>Cross Row Half</CreationType>
  </EAIndividual>
  <EAIndividual ID="2549">
    <CreationType>Breeding</CreationType>
  </EAIndividual>
  <EAIndividual ID="2550">
    <CreationType>Mutation Fill</CreationType>
  </EAIndividual>
  <EAIndividual ID="2551">
    <CreationType>Breeding</CreationType>
  </EAIndividual>
  <EAIndividual ID="2552">
    <CreationType>Breeding</CreationType>
  </EAIndividual>
  <EAIndividual ID="2553">
    <CreationType>Mutation Fill</CreationType>
  </EAIndividual>
  <EAIndividual ID="2554">
    <CreationType>Breeding</CreationType>
  </EAIndividual>
  <EAIndividual ID="2555">
    <CreationType>Breeding</CreationType>
  </EAIndividual>
  <EAIndividual ID="2556">
    <CreationType>Breeding</CreationType>
  </EAIndividual>
  <EAIndividual ID="2557">
    <CreationType>Breeding</CreationType>
  </EAIndividual>
  <EAIndividual ID="2558">
    <CreationType>Breeding</CreationType>
  </EAIndividual>
  </Population>
<OperationCount>
  <CrossoverCount>0</CrossoverCount>
  <MutationCount>0</MutationCount>
  <BreedCount>28</BreedCount>
  <ReproductionCount>8</ReproductionCount>
  <CrossoverColumnCount>0</CrossoverColumnCount>
  <CrossoverRowCount>0</CrossoverRowCount>
  <CrossoverRowRandomCount>0</CrossoverRowRandomCount>
  <CrossoverRowHalfCount>0</CrossoverRowHalfCount>
  <MutationSwapCount>0</MutationSwapCount>
  <MutationNewCount>0</MutationNewCount>
</OperationCount>
<Statistics>
  <TickInit>0</TickInit>
  <TickDBPrepare>0</TickDBPrepare>
  <TickLaunchExternal>0</TickLaunchExternal>
  <TickResultImport>0</TickResultImport>
  <TickDBRemove>0</TickDBRemove>
  <TickEA>0</TickEA>
  <TickBitStringCache>0</TickBitStringCache>
  <CreationType>
    <Individual creationType="Random">
      <Create>0</Create>
      <Remove>0</Remove>
      <Best>0</Best>
      <Parent>0</Parent>
      <Reproduction>0</Reproduction>
  </Individual>
    <Individual creationType="Cross Col">
      <Create>0</Create>
      <Remove>0</Remove>
      <Best>0</Best>
      <Parent>0</Parent>
      <Reproduction>0</Reproduction>
  </Individual>
    <Individual creationType="Cross Row Random">
      <Create>70</Create>
      <Remove>68</Remove>
      <Best>0</Best>
      <Parent>7</Parent>
      <Reproduction>2</Reproduction>
  </Individual>
    <Individual creationType="Cross Row Half">
      <Create>138</Create>
      <Remove>133</Remove>
      <Best>1</Best>
      <Parent>104</Parent>
      <Reproduction>10</Reproduction>
  </Individual>
    <Individual creationType="Mutation Swap">
      <Create>19</Create>
      <Remove>19</Remove>
      <Best>0</Best>
      <Parent>14</Parent>
      <Reproduction>4</Reproduction>
  </Individual>
    <Individual creationType="Mutation Fill">
      <Create>331</Create>
      <Remove>324</Remove>
      <Best>5</Best>
      <Parent>439</Parent>
      <Reproduction>19</Reproduction>
  </Individual>
    <Individual creationType="Breeding">
      <Create>1994</Create>
      <Remove>1964</Remove>
      <Best>42</Best>
      <Parent>3018</Parent>
      <Reproduction>238</Reproduction>
  </Individual>
    <Individual creationType="Data Preset">
      <Create>6</Create>
      <Remove>0</Remove>
      <Best>0</Best>
      <Parent>964</Parent>
      <Reproduction>378</Reproduction>
  </Individual>
    <Individual creationType="Restored">
      <Create>0</Create>
      <Remove>0</Remove>
      <Best>0</Best>
      <Parent>0</Parent>
      <Reproduction>0</Reproduction>
  </Individual>
  </CreationType>
</Statistics>
<History>
  <Step index="1">
    <FitnessBest>5.715</FitnessBest>
    <FitnessWorst>116.032</FitnessWorst>
    <BestCreationType>Mutation Fill</BestCreationType>
    <BestChanged>1</BestChanged>
    <StepDuration>43680</StepDuration>
    <StepSpeed>1.145</StepSpeed>
  </Step>
  <Step index="2">
    <FitnessBest>5.413</FitnessBest>
    <FitnessWorst>116.032</FitnessWorst>
    <BestCreationType>Breeding</BestCreationType>
    <BestChanged>1</BestChanged>
    <StepDuration>36052</StepDuration>
    <StepSpeed>1.387</StepSpeed>
  </Step>
  <Step index="3">
    <FitnessBest>5.135</FitnessBest>
    <FitnessWorst>116.032</FitnessWorst>
    <BestCreationType>Breeding</BestCreationType>
    <BestChanged>1</BestChanged>
    <StepDuration>34960</StepDuration>
    <StepSpeed>1.430</StepSpeed>
  </Step>
  <Step index="4">
    <FitnessBest>4.878</FitnessBest>
    <FitnessWorst>116.032</FitnessWorst>
    <BestCreationType>Breeding</BestCreationType>
    <BestChanged>1</BestChanged>
    <StepDuration>38329</StepDuration>
    <StepSpeed>1.304</StepSpeed>
  </Step>
  <Step index="5">
    <FitnessBest>4.586</FitnessBest>
    <FitnessWorst>116.032</FitnessWorst>
    <BestCreationType>Breeding</BestCreationType>
    <BestChanged>1</BestChanged>
    <StepDuration>38548</StepDuration>
    <StepSpeed>1.297</StepSpeed>
  </Step>
  <Step index="6">
    <FitnessBest>4.300</FitnessBest>
    <FitnessWorst>116.032</FitnessWorst>
    <BestCreationType>Breeding</BestCreationType>
    <BestChanged>1</BestChanged>
    <StepDuration>37768</StepDuration>
    <StepSpeed>1.324</StepSpeed>
  </Step>
  <Step index="7">
    <FitnessBest>4.056</FitnessBest>
    <FitnessWorst>116.032</FitnessWorst>
    <BestCreationType>Breeding</BestCreationType>
    <BestChanged>1</BestChanged>
    <StepDuration>38282</StepDuration>
    <StepSpeed>1.306</StepSpeed>
  </Step>
  <Step index="8">
    <FitnessBest>3.872</FitnessBest>
    <FitnessWorst>116.032</FitnessWorst>
    <BestCreationType>Breeding</BestCreationType>
    <BestChanged>1</BestChanged>
    <StepDuration>38720</StepDuration>
    <StepSpeed>1.291</StepSpeed>
  </Step>
  <Step index="9">
    <FitnessBest>3.646</FitnessBest>
    <FitnessWorst>116.032</FitnessWorst>
    <BestCreationType>Breeding</BestCreationType>
    <BestChanged>1</BestChanged>
    <StepDuration>37409</StepDuration>
    <StepSpeed>1.337</StepSpeed>
  </Step>
  <Step index="10">
    <FitnessBest>3.485</FitnessBest>
    <FitnessWorst>116.032</FitnessWorst>
    <BestCreationType>Breeding</BestCreationType>
    <BestChanged>1</BestChanged>
    <StepDuration>35818</StepDuration>
    <StepSpeed>1.396</StepSpeed>
  </Step>
  <Step index="11">
    <FitnessBest>3.288</FitnessBest>
    <FitnessWorst>116.032</FitnessWorst>
    <BestCreationType>Breeding</BestCreationType>
    <BestChanged>1</BestChanged>
    <StepDuration>36317</StepDuration>
    <StepSpeed>1.377</StepSpeed>
  </Step>
  <Step index="12">
    <FitnessBest>3.051</FitnessBest>
    <FitnessWorst>116.032</FitnessWorst>
    <BestCreationType>Breeding</BestCreationType>
    <BestChanged>1</BestChanged>
    <StepDuration>34398</StepDuration>
    <StepSpeed>1.454</StepSpeed>
  </Step>
  <Step index="13">
    <FitnessBest>2.878</FitnessBest>
    <FitnessWorst>116.032</FitnessWorst>
    <BestCreationType>Breeding</BestCreationType>
    <BestChanged>1</BestChanged>
    <StepDuration>35677</StepDuration>
    <StepSpeed>1.401</StepSpeed>
  </Step>
  <Step index="14">
    <FitnessBest>2.678</FitnessBest>
    <FitnessWorst>116.032</FitnessWorst>
    <BestCreationType>Breeding</BestCreationType>
    <BestChanged>1</BestChanged>
    <StepDuration>37238</StepDuration>
    <StepSpeed>1.343</StepSpeed>
  </Step>
  <Step index="15">
    <FitnessBest>2.542</FitnessBest>
    <FitnessWorst>116.032</FitnessWorst>
    <BestCreationType>Breeding</BestCreationType>
    <BestChanged>1</BestChanged>
    <StepDuration>36223</StepDuration>
    <StepSpeed>1.380</StepSpeed>
  </Step>
  <Step index="16">
    <FitnessBest>2.293</FitnessBest>
    <FitnessWorst>116.032</FitnessWorst>
    <BestCreationType>Breeding</BestCreationType>
    <BestChanged>1</BestChanged>
    <StepDuration>36302</StepDuration>
    <StepSpeed>1.377</StepSpeed>
  </Step>
  <Step index="17">
    <FitnessBest>2.069</FitnessBest>
    <FitnessWorst>116.032</FitnessWorst>
    <BestCreationType>Breeding</BestCreationType>
    <BestChanged>1</BestChanged>
    <StepDuration>32947</StepDuration>
    <StepSpeed>1.518</StepSpeed>
  </Step>
  <Step index="18">
    <FitnessBest>1.907</FitnessBest>
    <FitnessWorst>116.032</FitnessWorst>
    <BestCreationType>Breeding</BestCreationType>
    <BestChanged>1</BestChanged>
    <StepDuration>37752</StepDuration>
    <StepSpeed>1.324</StepSpeed>
  </Step>
  <Step index="19">
    <FitnessBest>1.745</FitnessBest>
    <FitnessWorst>116.032</FitnessWorst>
    <BestCreationType>Breeding</BestCreationType>
    <BestChanged>1</BestChanged>
    <StepDuration>36099</StepDuration>
    <StepSpeed>1.385</StepSpeed>
  </Step>
  <Step index="20">
    <FitnessBest>1.565</FitnessBest>
    <FitnessWorst>116.032</FitnessWorst>
    <BestCreationType>Breeding</BestCreationType>
    <BestChanged>1</BestChanged>
    <StepDuration>38688</StepDuration>
    <StepSpeed>1.292</StepSpeed>
  </Step>
  <Step index="21">
    <FitnessBest>1.375</FitnessBest>
    <FitnessWorst>116.032</FitnessWorst>
    <BestCreationType>Breeding</BestCreationType>
    <BestChanged>1</BestChanged>
    <StepDuration>35631</StepDuration>
    <StepSpeed>1.403</StepSpeed>
  </Step>
  <Step index="22">
    <FitnessBest>1.167</FitnessBest>
    <FitnessWorst>116.032</FitnessWorst>
    <BestCreationType>Breeding</BestCreationType>
    <BestChanged>1</BestChanged>
    <StepDuration>37097</StepDuration>
    <StepSpeed>1.348</StepSpeed>
  </Step>
  <Step index="23">
    <FitnessBest>0.961</FitnessBest>
    <FitnessWorst>116.032</FitnessWorst>
    <BestCreationType>Breeding</BestCreationType>
    <BestChanged>1</BestChanged>
    <StepDuration>44772</StepDuration>
    <StepSpeed>1.117</StepSpeed>
  </Step>
  <Step index="24">
    <FitnessBest>0.783</FitnessBest>
    <FitnessWorst>116.032</FitnessWorst>
    <BestCreationType>Breeding</BestCreationType>
    <BestChanged>1</BestChanged>
    <StepDuration>35927</StepDuration>
    <StepSpeed>1.392</StepSpeed>
  </Step>
  <Step index="25">
    <FitnessBest>0.643</FitnessBest>
    <FitnessWorst>116.032</FitnessWorst>
    <BestCreationType>Breeding</BestCreationType>
    <BestChanged>1</BestChanged>
    <StepDuration>35896</StepDuration>
    <StepSpeed>1.393</StepSpeed>
  </Step>
  <Step index="26">
    <FitnessBest>0.583</FitnessBest>
    <FitnessWorst>116.032</FitnessWorst>
    <BestCreationType>Breeding</BestCreationType>
    <BestChanged>1</BestChanged>
    <StepDuration>35600</StepDuration>
    <StepSpeed>1.404</StepSpeed>
  </Step>
  <Step index="27">
    <FitnessBest>0.471</FitnessBest>
    <FitnessWorst>116.032</FitnessWorst>
    <BestCreationType>Breeding</BestCreationType>
    <BestChanged>1</BestChanged>
    <StepDuration>36207</StepDuration>
    <StepSpeed>1.381</StepSpeed>
  </Step>
  <Step index="28">
    <FitnessBest>0.451</FitnessBest>
    <FitnessWorst>116.032</FitnessWorst>
    <BestCreationType>Breeding</BestCreationType>
    <BestChanged>1</BestChanged>
    <StepDuration>35693</StepDuration>
    <StepSpeed>1.401</StepSpeed>
  </Step>
  <Step index="29">
    <FitnessBest>0.409</FitnessBest>
    <FitnessWorst>116.032</FitnessWorst>
    <BestCreationType>Breeding</BestCreationType>
    <BestChanged>1</BestChanged>
    <StepDuration>37269</StepDuration>
    <StepSpeed>1.342</StepSpeed>
  </Step>
  <Step index="30">
    <FitnessBest>0.356</FitnessBest>
    <FitnessWorst>116.032</FitnessWorst>
    <BestCreationType>Breeding</BestCreationType>
    <BestChanged>1</BestChanged>
    <StepDuration>36972</StepDuration>
    <StepSpeed>1.352</StepSpeed>
  </Step>
  <Step index="31">
    <FitnessBest>0.354</FitnessBest>
    <FitnessWorst>116.032</FitnessWorst>
    <BestCreationType>Breeding</BestCreationType>
    <BestChanged>1</BestChanged>
    <StepDuration>37144</StepDuration>
    <StepSpeed>1.346</StepSpeed>
  </Step>
  <Step index="32">
    <FitnessBest>0.338</FitnessBest>
    <FitnessWorst>116.032</FitnessWorst>
    <BestCreationType>Cross Row Half</BestCreationType>
    <BestChanged>1</BestChanged>
    <StepDuration>37581</StepDuration>
    <StepSpeed>1.330</StepSpeed>
  </Step>
  <Step index="33">
    <FitnessBest>0.322</FitnessBest>
    <FitnessWorst>116.032</FitnessWorst>
    <BestCreationType>Breeding</BestCreationType>
    <BestChanged>1</BestChanged>
    <StepDuration>37768</StepDuration>
    <StepSpeed>1.324</StepSpeed>
  </Step>
  <Step index="34">
    <FitnessBest>0.306</FitnessBest>
    <FitnessWorst>116.032</FitnessWorst>
    <BestCreationType>Breeding</BestCreationType>
    <BestChanged>1</BestChanged>
    <StepDuration>36223</StepDuration>
    <StepSpeed>1.380</StepSpeed>
  </Step>
  <Step index="35">
    <FitnessBest>0.291</FitnessBest>
    <FitnessWorst>116.032</FitnessWorst>
    <BestCreationType>Breeding</BestCreationType>
    <BestChanged>1</BestChanged>
    <StepDuration>37643</StepDuration>
    <StepSpeed>1.328</StepSpeed>
  </Step>
  <Step index="36">
    <FitnessBest>0.278</FitnessBest>
    <FitnessWorst>116.032</FitnessWorst>
    <BestCreationType>Breeding</BestCreationType>
    <BestChanged>1</BestChanged>
    <StepDuration>34133</StepDuration>
    <StepSpeed>1.465</StepSpeed>
  </Step>
  <Step index="37">
    <FitnessBest>0.226</FitnessBest>
    <FitnessWorst>116.032</FitnessWorst>
    <BestCreationType>Breeding</BestCreationType>
    <BestChanged>1</BestChanged>
    <StepDuration>36021</StepDuration>
    <StepSpeed>1.388</StepSpeed>
  </Step>
  <Step index="38">
    <FitnessBest>0.213</FitnessBest>
    <FitnessWorst>116.032</FitnessWorst>
    <BestCreationType>Breeding</BestCreationType>
    <BestChanged>1</BestChanged>
    <StepDuration>36473</StepDuration>
    <StepSpeed>1.371</StepSpeed>
  </Step>
  <Step index="39">
    <FitnessBest>0.191</FitnessBest>
    <FitnessWorst>116.032</FitnessWorst>
    <BestCreationType>Mutation Fill</BestCreationType>
    <BestChanged>1</BestChanged>
    <StepDuration>36192</StepDuration>
    <StepSpeed>1.382</StepSpeed>
  </Step>
  <Step index="40">
    <FitnessBest>0.157</FitnessBest>
    <FitnessWorst>116.032</FitnessWorst>
    <BestCreationType>Breeding</BestCreationType>
    <BestChanged>1</BestChanged>
    <StepDuration>38688</StepDuration>
    <StepSpeed>1.292</StepSpeed>
  </Step>
  <Step index="41">
    <FitnessBest>0.146</FitnessBest>
    <FitnessWorst>116.032</FitnessWorst>
    <BestCreationType>Breeding</BestCreationType>
    <BestChanged>1</BestChanged>
    <StepDuration>35475</StepDuration>
    <StepSpeed>1.409</StepSpeed>
  </Step>
  <Step index="42">
    <FitnessBest>0.136</FitnessBest>
    <FitnessWorst>116.032</FitnessWorst>
    <BestCreationType>Breeding</BestCreationType>
    <BestChanged>1</BestChanged>
    <StepDuration>36161</StepDuration>
    <StepSpeed>1.383</StepSpeed>
  </Step>
  <Step index="43">
    <FitnessBest>0.136</FitnessBest>
    <FitnessWorst>116.032</FitnessWorst>
    <BestCreationType>Breeding</BestCreationType>
    <BestChanged>0</BestChanged>
    <StepDuration>36645</StepDuration>
    <StepSpeed>1.364</StepSpeed>
  </Step>
  <Step index="44">
    <FitnessBest>0.126</FitnessBest>
    <FitnessWorst>116.032</FitnessWorst>
    <BestCreationType>Breeding</BestCreationType>
    <BestChanged>1</BestChanged>
    <StepDuration>35381</StepDuration>
    <StepSpeed>1.413</StepSpeed>
  </Step>
  <Step index="45">
    <FitnessBest>0.113</FitnessBest>
    <FitnessWorst>116.032</FitnessWorst>
    <BestCreationType>Breeding</BestCreationType>
    <BestChanged>1</BestChanged>
    <StepDuration>36582</StepDuration>
    <StepSpeed>1.367</StepSpeed>
  </Step>
  <Step index="46">
    <FitnessBest>0.113</FitnessBest>
    <FitnessWorst>116.032</FitnessWorst>
    <BestCreationType>Breeding</BestCreationType>
    <BestChanged>0</BestChanged>
    <StepDuration>34897</StepDuration>
    <StepSpeed>1.433</StepSpeed>
  </Step>
  <Step index="47">
    <FitnessBest>0.086</FitnessBest>
    <FitnessWorst>116.032</FitnessWorst>
    <BestCreationType>Breeding</BestCreationType>
    <BestChanged>1</BestChanged>
    <StepDuration>36411</StepDuration>
    <StepSpeed>1.373</StepSpeed>
  </Step>
  <Step index="48">
    <FitnessBest>0.086</FitnessBest>
    <FitnessWorst>116.032</FitnessWorst>
    <BestCreationType>Breeding</BestCreationType>
    <BestChanged>0</BestChanged>
    <StepDuration>37300</StepDuration>
    <StepSpeed>1.340</StepSpeed>
  </Step>
  <Step index="49">
    <FitnessBest>0.086</FitnessBest>
    <FitnessWorst>116.032</FitnessWorst>
    <BestCreationType>Breeding</BestCreationType>
    <BestChanged>0</BestChanged>
    <StepDuration>36816</StepDuration>
    <StepSpeed>1.358</StepSpeed>
  </Step>
  <Step index="50">
    <FitnessBest>0.086</FitnessBest>
    <FitnessWorst>116.032</FitnessWorst>
    <BestCreationType>Breeding</BestCreationType>
    <BestChanged>0</BestChanged>
    <StepDuration>36972</StepDuration>
    <StepSpeed>1.352</StepSpeed>
  </Step>
  <Step index="51">
    <FitnessBest>0.086</FitnessBest>
    <FitnessWorst>116.032</FitnessWorst>
    <BestCreationType>Breeding</BestCreationType>
    <BestChanged>0</BestChanged>
    <StepDuration>34804</StepDuration>
    <StepSpeed>1.437</StepSpeed>
  </Step>
  <Step index="52">
    <FitnessBest>0.086</FitnessBest>
    <FitnessWorst>116.032</FitnessWorst>
    <BestCreationType>Breeding</BestCreationType>
    <BestChanged>0</BestChanged>
    <StepDuration>39655</StepDuration>
    <StepSpeed>1.261</StepSpeed>
  </Step>
  <Step index="53">
    <FitnessBest>0.070</FitnessBest>
    <FitnessWorst>116.032</FitnessWorst>
    <BestCreationType>Mutation Fill</BestCreationType>
    <BestChanged>1</BestChanged>
    <StepDuration>34882</StepDuration>
    <StepSpeed>1.433</StepSpeed>
  </Step>
  <Step index="54">
    <FitnessBest>0.070</FitnessBest>
    <FitnessWorst>116.032</FitnessWorst>
    <BestCreationType>Mutation Fill</BestCreationType>
    <BestChanged>0</BestChanged>
    <StepDuration>34820</StepDuration>
    <StepSpeed>1.436</StepSpeed>
  </Step>
  <Step index="55">
    <FitnessBest>0.066</FitnessBest>
    <FitnessWorst>116.032</FitnessWorst>
    <BestCreationType>Mutation Fill</BestCreationType>
    <BestChanged>1</BestChanged>
    <StepDuration>36457</StepDuration>
    <StepSpeed>1.371</StepSpeed>
  </Step>
  <Step index="56">
    <FitnessBest>0.066</FitnessBest>
    <FitnessWorst>116.032</FitnessWorst>
    <BestCreationType>Mutation Fill</BestCreationType>
    <BestChanged>0</BestChanged>
    <StepDuration>37394</StepDuration>
    <StepSpeed>1.337</StepSpeed>
  </Step>
  <Step index="57">
    <FitnessBest>0.066</FitnessBest>
    <FitnessWorst>116.032</FitnessWorst>
    <BestCreationType>Mutation Fill</BestCreationType>
    <BestChanged>0</BestChanged>
    <StepDuration>35833</StepDuration>
    <StepSpeed>1.395</StepSpeed>
  </Step>
  <Step index="58">
    <FitnessBest>0.065</FitnessBest>
    <FitnessWorst>116.032</FitnessWorst>
    <BestCreationType>Mutation Fill</BestCreationType>
    <BestChanged>1</BestChanged>
    <StepDuration>38376</StepDuration>
    <StepSpeed>1.303</StepSpeed>
  </Step>
  <Step index="59">
    <FitnessBest>0.065</FitnessBest>
    <FitnessWorst>116.032</FitnessWorst>
    <BestCreationType>Mutation Fill</BestCreationType>
    <BestChanged>0</BestChanged>
    <StepDuration>35584</StepDuration>
    <StepSpeed>1.405</StepSpeed>
  </Step>
  <Step index="60">
    <FitnessBest>0.065</FitnessBest>
    <FitnessWorst>116.032</FitnessWorst>
    <BestCreationType>Mutation Fill</BestCreationType>
    <BestChanged>0</BestChanged>
    <StepDuration>35771</StepDuration>
    <StepSpeed>1.398</StepSpeed>
  </Step>
  <Step index="61">
    <FitnessBest>0.065</FitnessBest>
    <FitnessWorst>116.032</FitnessWorst>
    <BestCreationType>Mutation Fill</BestCreationType>
    <BestChanged>0</BestChanged>
    <StepDuration>35007</StepDuration>
    <StepSpeed>1.428</StepSpeed>
  </Step>
  <Step index="62">
    <FitnessBest>0.065</FitnessBest>
    <FitnessWorst>116.032</FitnessWorst>
    <BestCreationType>Mutation Fill</BestCreationType>
    <BestChanged>0</BestChanged>
    <StepDuration>36036</StepDuration>
    <StepSpeed>1.388</StepSpeed>
  </Step>
  <Step index="63">
    <FitnessBest>0.065</FitnessBest>
    <FitnessWorst>116.032</FitnessWorst>
    <BestCreationType>Mutation Fill</BestCreationType>
    <BestChanged>0</BestChanged>
    <StepDuration>35849</StepDuration>
    <StepSpeed>1.395</StepSpeed>
  </Step>
</History>
</LMRMEAState>
