<?xml version="1.0"?>
<LMRMEAState fileVersion="1">
<Basic>
  <Step>34</Step>
  <EARandUniform>101071</EARandUniform>
  <EARandGauss>0</EARandGauss>
  <TickTotal>0</TickTotal>
  <EAIndividualID>1498</EAIndividualID>
  <TaskRunProcessCount>0</TaskRunProcessCount>
  <MtbExporterProcessCount>0</MtbExporterProcessCount>
</Basic>
<Population count="50">
  <EAIndividual ID="1477">
    <CreationType>Cross Row Random</CreationType>
  </EAIndividual>
  <EAIndividual ID="1482">
    <CreationType>Mutation Fill</CreationType>
  </EAIndividual>
  <EAIndividual ID="1484">
    <CreationType>Mutation Fill</CreationType>
  </EAIndividual>
  <EAIndividual ID="1379">
    <CreationType>Mutation Fill</CreationType>
  </EAIndividual>
  <EAIndividual ID="1410">
    <CreationType>Breeding</CreationType>
  </EAIndividual>
  <EAIndividual ID="1413">
    <CreationType>Breeding</CreationType>
  </EAIndividual>
  <EAIndividual ID="1414">
    <CreationType>Breeding</CreationType>
  </EAIndividual>
  <EAIndividual ID="1443">
    <CreationType>Cross Row Half</CreationType>
  </EAIndividual>
  <EAIndividual ID="1456">
    <CreationType>Cross Row Random</CreationType>
  </EAIndividual>
  <EAIndividual ID="1457">
    <CreationType>Cross Row Random</CreationType>
  </EAIndividual>
  <EAIndividual ID="1458">
    <CreationType>Cross Row Half</CreationType>
  </EAIndividual>
  <EAIndividual ID="1461">
    <CreationType>Cross Row Half</CreationType>
  </EAIndividual>
  <EAIndividual ID="1462">
    <CreationType>Cross Row Half</CreationType>
  </EAIndividual>
  <EAIndividual ID="1470">
    <CreationType>Breeding</CreationType>
  </EAIndividual>
  <EAIndividual ID="1472">
    <CreationType>Cross Row Random</CreationType>
  </EAIndividual>
  <EAIndividual ID="1473">
    <CreationType>Cross Row Random</CreationType>
  </EAIndividual>
  <EAIndividual ID="1478">
    <CreationType>Breeding</CreationType>
  </EAIndividual>
  <EAIndividual ID="1480">
    <CreationType>Breeding</CreationType>
  </EAIndividual>
  <EAIndividual ID="1489">
    <CreationType>Cross Row Half</CreationType>
  </EAIndividual>
  <EAIndividual ID="1490">
    <CreationType>Cross Row Half</CreationType>
  </EAIndividual>
  <EAIndividual ID="1491">
    <CreationType>Mutation Fill</CreationType>
  </EAIndividual>
  <EAIndividual ID="1492">
    <CreationType>Breeding</CreationType>
  </EAIndividual>
  <EAIndividual ID="1493">
    <CreationType>Mutation Fill</CreationType>
  </EAIndividual>
  <EAIndividual ID="1494">
    <CreationType>Breeding</CreationType>
  </EAIndividual>
  <EAIndividual ID="1496">
    <CreationType>Mutation Fill</CreationType>
  </EAIndividual>
  <EAIndividual ID="1417">
    <CreationType>Cross Row Half</CreationType>
  </EAIndividual>
  <EAIndividual ID="1464">
    <CreationType>Mutation Fill</CreationType>
  </EAIndividual>
  <EAIndividual ID="1485">
    <CreationType>Mutation Fill</CreationType>
  </EAIndividual>
  <EAIndividual ID="1459">
    <CreationType>Cross Row Half</CreationType>
  </EAIndividual>
  <EAIndividual ID="1460">
    <CreationType>Mutation Fill</CreationType>
  </EAIndividual>
  <EAIndividual ID="1466">
    <CreationType>Mutation Fill</CreationType>
  </EAIndividual>
  <EAIndividual ID="1469">
    <CreationType>Mutation Fill</CreationType>
  </EAIndividual>
  <EAIndividual ID="1475">
    <CreationType>Mutation Fill</CreationType>
  </EAIndividual>
  <EAIndividual ID="1467">
    <CreationType>Mutation Fill</CreationType>
  </EAIndividual>
  <EAIndividual ID="1483">
    <CreationType>Mutation Fill</CreationType>
  </EAIndividual>
  <EAIndividual ID="1487">
    <CreationType>Mutation Fill</CreationType>
  </EAIndividual>
  <EAIndividual ID="1495">
    <CreationType>Mutation Fill</CreationType>
  </EAIndividual>
  <EAIndividual ID="1497">
    <CreationType>Breeding</CreationType>
  </EAIndividual>
  <EAIndividual ID="1486">
    <CreationType>Mutation Fill</CreationType>
  </EAIndividual>
  <EAIndividual ID="1463">
    <CreationType>Mutation Fill</CreationType>
  </EAIndividual>
  <EAIndividual ID="1468">
    <CreationType>Mutation Fill</CreationType>
  </EAIndividual>
  <EAIndividual ID="1471">
    <CreationType>Mutation Fill</CreationType>
  </EAIndividual>
  <EAIndividual ID="1474">
    <CreationType>Mutation Fill</CreationType>
  </EAIndividual>
  <EAIndividual ID="1488">
    <CreationType>Mutation Fill</CreationType>
  </EAIndividual>
  <EAIndividual ID="1476">
    <CreationType>Cross Row Random</CreationType>
  </EAIndividual>
  <EAIndividual ID="1481">
    <CreationType>Mutation Fill</CreationType>
  </EAIndividual>
  <EAIndividual ID="1479">
    <CreationType>Mutation Fill</CreationType>
  </EAIndividual>
  <EAIndividual ID="1455">
    <CreationType>Mutation Fill</CreationType>
  </EAIndividual>
  <EAIndividual ID="1465">
    <CreationType>Mutation Fill</CreationType>
  </EAIndividual>
  <EAIndividual ID="2">
    <CreationType>Data Preset</CreationType>
  </EAIndividual>
  </Population>
<OperationCount>
  <CrossoverCount>0</CrossoverCount>
  <MutationCount>0</MutationCount>
  <BreedCount>6</BreedCount>
  <ReproductionCount>3</ReproductionCount>
  <CrossoverColumnCount>0</CrossoverColumnCount>
  <CrossoverRowCount>0</CrossoverRowCount>
  <CrossoverRowRandomCount>0</CrossoverRowRandomCount>
  <CrossoverRowHalfCount>0</CrossoverRowHalfCount>
  <MutationSwapCount>0</MutationSwapCount>
  <MutationNewCount>0</MutationNewCount>
</OperationCount>
<Statistics>
  <TickInit>0</TickInit>
  <TickDBPrepare>0</TickDBPrepare>
  <TickLaunchExternal>0</TickLaunchExternal>
  <TickResultImport>0</TickResultImport>
  <TickDBRemove>0</TickDBRemove>
  <TickEA>0</TickEA>
  <TickBitStringCache>0</TickBitStringCache>
  <CreationType>
    <Individual creationType="Random">
      <Create>48</Create>
      <Remove>48</Remove>
      <Best>1</Best>
      <Parent>49</Parent>
      <Reproduction>9</Reproduction>
  </Individual>
    <Individual creationType="Cross Col">
      <Create>0</Create>
      <Remove>0</Remove>
      <Best>0</Best>
      <Parent>0</Parent>
      <Reproduction>0</Reproduction>
  </Individual>
    <Individual creationType="Cross Row Random">
      <Create>160</Create>
      <Remove>154</Remove>
      <Best>1</Best>
      <Parent>104</Parent>
      <Reproduction>16</Reproduction>
  </Individual>
    <Individual creationType="Cross Row Half">
      <Create>344</Create>
      <Remove>336</Remove>
      <Best>8</Best>
      <Parent>315</Parent>
      <Reproduction>30</Reproduction>
  </Individual>
    <Individual creationType="Mutation Swap">
      <Create>26</Create>
      <Remove>26</Remove>
      <Best>0</Best>
      <Parent>1</Parent>
      <Reproduction>0</Reproduction>
  </Individual>
    <Individual creationType="Mutation Fill">
      <Create>656</Create>
      <Remove>630</Remove>
      <Best>9</Best>
      <Parent>420</Parent>
      <Reproduction>55</Reproduction>
  </Individual>
    <Individual creationType="Breeding">
      <Create>261</Create>
      <Remove>252</Remove>
      <Best>14</Best>
      <Parent>667</Parent>
      <Reproduction>85</Reproduction>
  </Individual>
    <Individual creationType="Data Preset">
      <Create>2</Create>
      <Remove>1</Remove>
      <Best>0</Best>
      <Parent>152</Parent>
      <Reproduction>33</Reproduction>
  </Individual>
    <Individual creationType="Restored">
      <Create>0</Create>
      <Remove>0</Remove>
      <Best>0</Best>
      <Parent>0</Parent>
      <Reproduction>0</Reproduction>
  </Individual>
  </CreationType>
</Statistics>
<History>
  <Step index="1">
    <FitnessBest>0.771</FitnessBest>
    <FitnessWorst>1.200</FitnessWorst>
    <BestCreationType>Random</BestCreationType>
    <BestChanged>1</BestChanged>
    <StepDuration>12511</StepDuration>
    <StepSpeed>3.996</StepSpeed>
  </Step>
  <Step index="2">
    <FitnessBest>0.721</FitnessBest>
    <FitnessWorst>1.200</FitnessWorst>
    <BestCreationType>Cross Row Half</BestCreationType>
    <BestChanged>1</BestChanged>
    <StepDuration>10577</StepDuration>
    <StepSpeed>4.727</StepSpeed>
  </Step>
  <Step index="3">
    <FitnessBest>0.700</FitnessBest>
    <FitnessWorst>1.200</FitnessWorst>
    <BestCreationType>Mutation Fill</BestCreationType>
    <BestChanged>1</BestChanged>
    <StepDuration>10764</StepDuration>
    <StepSpeed>4.645</StepSpeed>
  </Step>
  <Step index="4">
    <FitnessBest>0.679</FitnessBest>
    <FitnessWorst>1.200</FitnessWorst>
    <BestCreationType>Breeding</BestCreationType>
    <BestChanged>1</BestChanged>
    <StepDuration>10608</StepDuration>
    <StepSpeed>4.713</StepSpeed>
  </Step>
  <Step index="5">
    <FitnessBest>0.658</FitnessBest>
    <FitnessWorst>1.200</FitnessWorst>
    <BestCreationType>Breeding</BestCreationType>
    <BestChanged>1</BestChanged>
    <StepDuration>10998</StepDuration>
    <StepSpeed>4.546</StepSpeed>
  </Step>
  <Step index="6">
    <FitnessBest>0.632</FitnessBest>
    <FitnessWorst>1.200</FitnessWorst>
    <BestCreationType>Mutation Fill</BestCreationType>
    <BestChanged>1</BestChanged>
    <StepDuration>10452</StepDuration>
    <StepSpeed>4.784</StepSpeed>
  </Step>
  <Step index="7">
    <FitnessBest>0.602</FitnessBest>
    <FitnessWorst>1.200</FitnessWorst>
    <BestCreationType>Breeding</BestCreationType>
    <BestChanged>1</BestChanged>
    <StepDuration>10281</StepDuration>
    <StepSpeed>4.863</StepSpeed>
  </Step>
  <Step index="8">
    <FitnessBest>0.575</FitnessBest>
    <FitnessWorst>1.200</FitnessWorst>
    <BestCreationType>Mutation Fill</BestCreationType>
    <BestChanged>1</BestChanged>
    <StepDuration>11216</StepDuration>
    <StepSpeed>4.458</StepSpeed>
  </Step>
  <Step index="9">
    <FitnessBest>0.554</FitnessBest>
    <FitnessWorst>1.200</FitnessWorst>
    <BestCreationType>Breeding</BestCreationType>
    <BestChanged>1</BestChanged>
    <StepDuration>10624</StepDuration>
    <StepSpeed>4.706</StepSpeed>
  </Step>
  <Step index="10">
    <FitnessBest>0.526</FitnessBest>
    <FitnessWorst>1.200</FitnessWorst>
    <BestCreationType>Breeding</BestCreationType>
    <BestChanged>1</BestChanged>
    <StepDuration>10046</StepDuration>
    <StepSpeed>4.977</StepSpeed>
  </Step>
  <Step index="11">
    <FitnessBest>0.497</FitnessBest>
    <FitnessWorst>1.200</FitnessWorst>
    <BestCreationType>Breeding</BestCreationType>
    <BestChanged>1</BestChanged>
    <StepDuration>10718</StepDuration>
    <StepSpeed>4.665</StepSpeed>
  </Step>
  <Step index="12">
    <FitnessBest>0.480</FitnessBest>
    <FitnessWorst>1.200</FitnessWorst>
    <BestCreationType>Mutation Fill</BestCreationType>
    <BestChanged>1</BestChanged>
    <StepDuration>10171</StepDuration>
    <StepSpeed>4.916</StepSpeed>
  </Step>
  <Step index="13">
    <FitnessBest>0.451</FitnessBest>
    <FitnessWorst>1.200</FitnessWorst>
    <BestCreationType>Breeding</BestCreationType>
    <BestChanged>1</BestChanged>
    <StepDuration>11076</StepDuration>
    <StepSpeed>4.514</StepSpeed>
  </Step>
  <Step index="14">
    <FitnessBest>0.422</FitnessBest>
    <FitnessWorst>1.200</FitnessWorst>
    <BestCreationType>Breeding</BestCreationType>
    <BestChanged>1</BestChanged>
    <StepDuration>11388</StepDuration>
    <StepSpeed>4.391</StepSpeed>
  </Step>
  <Step index="15">
    <FitnessBest>0.383</FitnessBest>
    <FitnessWorst>1.200</FitnessWorst>
    <BestCreationType>Cross Row Half</BestCreationType>
    <BestChanged>1</BestChanged>
    <StepDuration>12121</StepDuration>
    <StepSpeed>4.125</StepSpeed>
  </Step>
  <Step index="16">
    <FitnessBest>0.363</FitnessBest>
    <FitnessWorst>1.200</FitnessWorst>
    <BestCreationType>Breeding</BestCreationType>
    <BestChanged>1</BestChanged>
    <StepDuration>11357</StepDuration>
    <StepSpeed>4.403</StepSpeed>
  </Step>
  <Step index="17">
    <FitnessBest>0.343</FitnessBest>
    <FitnessWorst>1.200</FitnessWorst>
    <BestCreationType>Cross Row Half</BestCreationType>
    <BestChanged>1</BestChanged>
    <StepDuration>11373</StepDuration>
    <StepSpeed>4.396</StepSpeed>
  </Step>
  <Step index="18">
    <FitnessBest>0.313</FitnessBest>
    <FitnessWorst>1.200</FitnessWorst>
    <BestCreationType>Mutation Fill</BestCreationType>
    <BestChanged>1</BestChanged>
    <StepDuration>10670</StepDuration>
    <StepSpeed>4.686</StepSpeed>
  </Step>
  <Step index="19">
    <FitnessBest>0.303</FitnessBest>
    <FitnessWorst>1.200</FitnessWorst>
    <BestCreationType>Cross Row Half</BestCreationType>
    <BestChanged>1</BestChanged>
    <StepDuration>10530</StepDuration>
    <StepSpeed>4.748</StepSpeed>
  </Step>
  <Step index="20">
    <FitnessBest>0.275</FitnessBest>
    <FitnessWorst>1.200</FitnessWorst>
    <BestCreationType>Cross Row Half</BestCreationType>
    <BestChanged>1</BestChanged>
    <StepDuration>10827</StepDuration>
    <StepSpeed>4.618</StepSpeed>
  </Step>
  <Step index="21">
    <FitnessBest>0.234</FitnessBest>
    <FitnessWorst>1.200</FitnessWorst>
    <BestCreationType>Cross Row Half</BestCreationType>
    <BestChanged>1</BestChanged>
    <StepDuration>11902</StepDuration>
    <StepSpeed>4.201</StepSpeed>
  </Step>
  <Step index="22">
    <FitnessBest>0.196</FitnessBest>
    <FitnessWorst>1.200</FitnessWorst>
    <BestCreationType>Cross Row Half</BestCreationType>
    <BestChanged>1</BestChanged>
    <StepDuration>11170</StepDuration>
    <StepSpeed>4.476</StepSpeed>
  </Step>
  <Step index="23">
    <FitnessBest>0.176</FitnessBest>
    <FitnessWorst>1.200</FitnessWorst>
    <BestCreationType>Breeding</BestCreationType>
    <BestChanged>1</BestChanged>
    <StepDuration>11232</StepDuration>
    <StepSpeed>4.452</StepSpeed>
  </Step>
  <Step index="24">
    <FitnessBest>0.156</FitnessBest>
    <FitnessWorst>1.200</FitnessWorst>
    <BestCreationType>Mutation Fill</BestCreationType>
    <BestChanged>1</BestChanged>
    <StepDuration>11388</StepDuration>
    <StepSpeed>4.391</StepSpeed>
  </Step>
  <Step index="25">
    <FitnessBest>0.135</FitnessBest>
    <FitnessWorst>1.200</FitnessWorst>
    <BestCreationType>Cross Row Half</BestCreationType>
    <BestChanged>1</BestChanged>
    <StepDuration>11732</StepDuration>
    <StepSpeed>4.262</StepSpeed>
  </Step>
  <Step index="26">
    <FitnessBest>0.126</FitnessBest>
    <FitnessWorst>1.200</FitnessWorst>
    <BestCreationType>Mutation Fill</BestCreationType>
    <BestChanged>1</BestChanged>
    <StepDuration>11247</StepDuration>
    <StepSpeed>4.446</StepSpeed>
  </Step>
  <Step index="27">
    <FitnessBest>0.115</FitnessBest>
    <FitnessWorst>1.200</FitnessWorst>
    <BestCreationType>Breeding</BestCreationType>
    <BestChanged>1</BestChanged>
    <StepDuration>10686</StepDuration>
    <StepSpeed>4.679</StepSpeed>
  </Step>
  <Step index="28">
    <FitnessBest>0.088</FitnessBest>
    <FitnessWorst>1.200</FitnessWorst>
    <BestCreationType>Mutation Fill</BestCreationType>
    <BestChanged>1</BestChanged>
    <StepDuration>11232</StepDuration>
    <StepSpeed>4.452</StepSpeed>
  </Step>
  <Step index="29">
    <FitnessBest>0.047</FitnessBest>
    <FitnessWorst>1.200</FitnessWorst>
    <BestCreationType>Breeding</BestCreationType>
    <BestChanged>1</BestChanged>
    <StepDuration>11856</StepDuration>
    <StepSpeed>4.217</StepSpeed>
  </Step>
  <Step index="30">
    <FitnessBest>0.036</FitnessBest>
    <FitnessWorst>1.200</FitnessWorst>
    <BestCreationType>Breeding</BestCreationType>
    <BestChanged>1</BestChanged>
    <StepDuration>11264</StepDuration>
    <StepSpeed>4.439</StepSpeed>
  </Step>
  <Step index="31">
    <FitnessBest>0.025</FitnessBest>
    <FitnessWorst>1.200</FitnessWorst>
    <BestCreationType>Breeding</BestCreationType>
    <BestChanged>1</BestChanged>
    <StepDuration>11372</StepDuration>
    <StepSpeed>4.397</StepSpeed>
  </Step>
  <Step index="32">
    <FitnessBest>0.004</FitnessBest>
    <FitnessWorst>1.200</FitnessWorst>
    <BestCreationType>Mutation Fill</BestCreationType>
    <BestChanged>1</BestChanged>
    <StepDuration>11591</StepDuration>
    <StepSpeed>4.314</StepSpeed>
  </Step>
  <Step index="33">
    <FitnessBest>0.004</FitnessBest>
    <FitnessWorst>1.200</FitnessWorst>
    <BestCreationType>Mutation Fill</BestCreationType>
    <BestChanged>0</BestChanged>
    <StepDuration>11622</StepDuration>
    <StepSpeed>4.302</StepSpeed>
  </Step>
  <Step index="34">
    <FitnessBest>0.000</FitnessBest>
    <FitnessWorst>1.200</FitnessWorst>
    <BestCreationType>Cross Row Random</BestCreationType>
    <BestChanged>1</BestChanged>
    <StepDuration>10811</StepDuration>
    <StepSpeed>4.625</StepSpeed>
  </Step>
</History>
</LMRMEAState>
