<?xml version="1.0"?>
<LMRMEARandomizerState fileVersion="1">
<Basic>
  <Step>126</Step>
  <EARandUniform>70868</EARandUniform>
  <EARandGauss>0</EARandGauss>
  <TickTotal>0</TickTotal>
  <EAIndividualID>652</EAIndividualID>
  <TaskRunProcessCount>0</TaskRunProcessCount>
  <MtbExporterProcessCount>0</MtbExporterProcessCount>
</Basic>
<Population count="10">
  <EAIndividual ID="1">
    <CreationType>Data Preset</CreationType>
  </EAIndividual>
  <EAIndividual ID="618">
    <CreationType>Mutation Fill</CreationType>
  </EAIndividual>
  <EAIndividual ID="629">
    <CreationType>Mutation Swap</CreationType>
  </EAIndividual>
  <EAIndividual ID="635">
    <CreationType>Mutation Fill</CreationType>
  </EAIndividual>
  <EAIndividual ID="638">
    <CreationType>Mutation Fill</CreationType>
  </EAIndividual>
  <EAIndividual ID="639">
    <CreationType>Mutation Swap</CreationType>
  </EAIndividual>
  <EAIndividual ID="641">
    <CreationType>Mutation Swap</CreationType>
  </EAIndividual>
  <EAIndividual ID="643">
    <CreationType>Mutation Swap</CreationType>
  </EAIndividual>
  <EAIndividual ID="644">
    <CreationType>Mutation Fill</CreationType>
  </EAIndividual>
  <EAIndividual ID="645">
    <CreationType>Mutation Swap</CreationType>
  </EAIndividual>
  </Population>
<OperationCount>
  <CrossoverCount>1</CrossoverCount>
  <MutationCount>3</MutationCount>
  <BreedCount>1967997253</BreedCount>
  <ReproductionCount>4</ReproductionCount>
  <CrossoverColumnCount>0</CrossoverColumnCount>
  <CrossoverRowCount>8</CrossoverRowCount>
  <CrossoverRowRandomCount>0</CrossoverRowRandomCount>
  <CrossoverRowHalfCount>8</CrossoverRowHalfCount>
  <MutationSwapCount>1</MutationSwapCount>
  <MutationNewCount>2</MutationNewCount>
</OperationCount>
<Statistics>
  <TickInit>0</TickInit>
  <TickDBPrepare>0</TickDBPrepare>
  <TickLaunchExternal>0</TickLaunchExternal>
  <TickResultImport>0</TickResultImport>
  <TickDBRemove>0</TickDBRemove>
  <TickEA>0</TickEA>
  <TickBitStringCache>0</TickBitStringCache>
  <CreationType>
    <Individual creationType="Random">
      <Create>0</Create>
      <Remove>0</Remove>
      <Best>0</Best>
      <Parent>0</Parent>
      <Reproduction>0</Reproduction>
  </Individual>
    <Individual creationType="Cross Col">
      <Create>0</Create>
      <Remove>0</Remove>
      <Best>0</Best>
      <Parent>0</Parent>
      <Reproduction>0</Reproduction>
  </Individual>
    <Individual creationType="Cross Row Random">
      <Create>4</Create>
      <Remove>4</Remove>
      <Best>0</Best>
      <Parent>5</Parent>
      <Reproduction>2</Reproduction>
  </Individual>
    <Individual creationType="Cross Row Half">
      <Create>103</Create>
      <Remove>101</Remove>
      <Best>7</Best>
      <Parent>55</Parent>
      <Reproduction>48</Reproduction>
  </Individual>
    <Individual creationType="Mutation Swap">
      <Create>255</Create>
      <Remove>247</Remove>
      <Best>34</Best>
      <Parent>312</Parent>
      <Reproduction>248</Reproduction>
  </Individual>
    <Individual creationType="Mutation Fill">
      <Create>288</Create>
      <Remove>279</Remove>
      <Best>44</Best>
      <Parent>351</Parent>
      <Reproduction>271</Reproduction>
  </Individual>
    <Individual creationType="Breeding">
      <Create>0</Create>
      <Remove>0</Remove>
      <Best>0</Best>
      <Parent>0</Parent>
      <Reproduction>0</Reproduction>
  </Individual>
    <Individual creationType="Data Preset">
      <Create>1</Create>
      <Remove>0</Remove>
      <Best>0</Best>
      <Parent>73</Parent>
      <Reproduction>164</Reproduction>
  </Individual>
    <Individual creationType="Restored">
      <Create>0</Create>
      <Remove>0</Remove>
      <Best>0</Best>
      <Parent>0</Parent>
      <Reproduction>0</Reproduction>
  </Individual>
  </CreationType>
</Statistics>
<History>
  <Step index="1">
    <RandomizerValueHighest>17.105</RandomizerValueHighest>
    <BestCreationType>Mutation Fill</BestCreationType>
    <BestChanged>1</BestChanged>
    <StepDuration>17083</StepDuration>
    <StepSpeed>0.585</StepSpeed>
  </Step>
  <Step index="2">
    <RandomizerValueHighest>17.125</RandomizerValueHighest>
    <BestCreationType>Mutation Swap</BestCreationType>
    <BestChanged>1</BestChanged>
    <StepDuration>10093</StepDuration>
    <StepSpeed>0.991</StepSpeed>
  </Step>
  <Step index="3">
    <RandomizerValueHighest>17.125</RandomizerValueHighest>
    <BestCreationType>Mutation Swap</BestCreationType>
    <BestChanged>0</BestChanged>
    <StepDuration>10124</StepDuration>
    <StepSpeed>0.988</StepSpeed>
  </Step>
  <Step index="4">
    <RandomizerValueHighest>17.143</RandomizerValueHighest>
    <BestCreationType>Cross Row Half</BestCreationType>
    <BestChanged>1</BestChanged>
    <StepDuration>12340</StepDuration>
    <StepSpeed>0.810</StepSpeed>
  </Step>
  <Step index="5">
    <RandomizerValueHighest>17.150</RandomizerValueHighest>
    <BestCreationType>Mutation Swap</BestCreationType>
    <BestChanged>1</BestChanged>
    <StepDuration>11232</StepDuration>
    <StepSpeed>0.890</StepSpeed>
  </Step>
  <Step index="6">
    <RandomizerValueHighest>17.166</RandomizerValueHighest>
    <BestCreationType>Mutation Fill</BestCreationType>
    <BestChanged>1</BestChanged>
    <StepDuration>12371</StepDuration>
    <StepSpeed>0.808</StepSpeed>
  </Step>
  <Step index="7">
    <RandomizerValueHighest>17.166</RandomizerValueHighest>
    <BestCreationType>Mutation Fill</BestCreationType>
    <BestChanged>0</BestChanged>
    <StepDuration>10764</StepDuration>
    <StepSpeed>0.929</StepSpeed>
  </Step>
  <Step index="8">
    <RandomizerValueHighest>17.170</RandomizerValueHighest>
    <BestCreationType>Cross Row Half</BestCreationType>
    <BestChanged>1</BestChanged>
    <StepDuration>11310</StepDuration>
    <StepSpeed>0.884</StepSpeed>
  </Step>
  <Step index="9">
    <RandomizerValueHighest>17.170</RandomizerValueHighest>
    <BestCreationType>Cross Row Half</BestCreationType>
    <BestChanged>0</BestChanged>
    <StepDuration>12402</StepDuration>
    <StepSpeed>0.806</StepSpeed>
  </Step>
  <Step index="10">
    <RandomizerValueHighest>17.177</RandomizerValueHighest>
    <BestCreationType>Mutation Fill</BestCreationType>
    <BestChanged>1</BestChanged>
    <StepDuration>10203</StepDuration>
    <StepSpeed>0.980</StepSpeed>
  </Step>
  <Step index="11">
    <RandomizerValueHighest>17.195</RandomizerValueHighest>
    <BestCreationType>Mutation Fill</BestCreationType>
    <BestChanged>1</BestChanged>
    <StepDuration>11216</StepDuration>
    <StepSpeed>0.892</StepSpeed>
  </Step>
  <Step index="12">
    <RandomizerValueHighest>17.200</RandomizerValueHighest>
    <BestCreationType>Mutation Swap</BestCreationType>
    <BestChanged>1</BestChanged>
    <StepDuration>11840</StepDuration>
    <StepSpeed>0.845</StepSpeed>
  </Step>
  <Step index="13">
    <RandomizerValueHighest>17.223</RandomizerValueHighest>
    <BestCreationType>Mutation Fill</BestCreationType>
    <BestChanged>1</BestChanged>
    <StepDuration>12449</StepDuration>
    <StepSpeed>0.803</StepSpeed>
  </Step>
  <Step index="14">
    <RandomizerValueHighest>17.236</RandomizerValueHighest>
    <BestCreationType>Mutation Swap</BestCreationType>
    <BestChanged>1</BestChanged>
    <StepDuration>11825</StepDuration>
    <StepSpeed>0.846</StepSpeed>
  </Step>
  <Step index="15">
    <RandomizerValueHighest>17.241</RandomizerValueHighest>
    <BestCreationType>Mutation Swap</BestCreationType>
    <BestChanged>1</BestChanged>
    <StepDuration>8440</StepDuration>
    <StepSpeed>1.185</StepSpeed>
  </Step>
  <Step index="16">
    <RandomizerValueHighest>17.241</RandomizerValueHighest>
    <BestCreationType>Mutation Swap</BestCreationType>
    <BestChanged>0</BestChanged>
    <StepDuration>12371</StepDuration>
    <StepSpeed>0.808</StepSpeed>
  </Step>
  <Step index="17">
    <RandomizerValueHighest>17.268</RandomizerValueHighest>
    <BestCreationType>Mutation Fill</BestCreationType>
    <BestChanged>1</BestChanged>
    <StepDuration>10764</StepDuration>
    <StepSpeed>0.929</StepSpeed>
  </Step>
  <Step index="18">
    <RandomizerValueHighest>17.268</RandomizerValueHighest>
    <BestCreationType>Mutation Fill</BestCreationType>
    <BestChanged>0</BestChanged>
    <StepDuration>8284</StepDuration>
    <StepSpeed>1.207</StepSpeed>
  </Step>
  <Step index="19">
    <RandomizerValueHighest>17.277</RandomizerValueHighest>
    <BestCreationType>Mutation Fill</BestCreationType>
    <BestChanged>1</BestChanged>
    <StepDuration>11263</StepDuration>
    <StepSpeed>0.888</StepSpeed>
  </Step>
  <Step index="20">
    <RandomizerValueHighest>17.291</RandomizerValueHighest>
    <BestCreationType>Mutation Swap</BestCreationType>
    <BestChanged>1</BestChanged>
    <StepDuration>13057</StepDuration>
    <StepSpeed>0.766</StepSpeed>
  </Step>
  <Step index="21">
    <RandomizerValueHighest>17.295</RandomizerValueHighest>
    <BestCreationType>Mutation Fill</BestCreationType>
    <BestChanged>1</BestChanged>
    <StepDuration>10686</StepDuration>
    <StepSpeed>0.936</StepSpeed>
  </Step>
  <Step index="22">
    <RandomizerValueHighest>17.300</RandomizerValueHighest>
    <BestCreationType>Mutation Swap</BestCreationType>
    <BestChanged>1</BestChanged>
    <StepDuration>13042</StepDuration>
    <StepSpeed>0.767</StepSpeed>
  </Step>
  <Step index="23">
    <RandomizerValueHighest>17.318</RandomizerValueHighest>
    <BestCreationType>Mutation Fill</BestCreationType>
    <BestChanged>1</BestChanged>
    <StepDuration>10608</StepDuration>
    <StepSpeed>0.943</StepSpeed>
  </Step>
  <Step index="24">
    <RandomizerValueHighest>17.327</RandomizerValueHighest>
    <BestCreationType>Mutation Swap</BestCreationType>
    <BestChanged>1</BestChanged>
    <StepDuration>9890</StepDuration>
    <StepSpeed>1.011</StepSpeed>
  </Step>
  <Step index="25">
    <RandomizerValueHighest>17.359</RandomizerValueHighest>
    <BestCreationType>Mutation Swap</BestCreationType>
    <BestChanged>1</BestChanged>
    <StepDuration>9345</StepDuration>
    <StepSpeed>1.070</StepSpeed>
  </Step>
  <Step index="26">
    <RandomizerValueHighest>17.359</RandomizerValueHighest>
    <BestCreationType>Mutation Swap</BestCreationType>
    <BestChanged>0</BestChanged>
    <StepDuration>8845</StepDuration>
    <StepSpeed>1.131</StepSpeed>
  </Step>
  <Step index="27">
    <RandomizerValueHighest>17.364</RandomizerValueHighest>
    <BestCreationType>Mutation Swap</BestCreationType>
    <BestChanged>1</BestChanged>
    <StepDuration>10218</StepDuration>
    <StepSpeed>0.979</StepSpeed>
  </Step>
  <Step index="28">
    <RandomizerValueHighest>17.364</RandomizerValueHighest>
    <BestCreationType>Mutation Swap</BestCreationType>
    <BestChanged>0</BestChanged>
    <StepDuration>11747</StepDuration>
    <StepSpeed>0.851</StepSpeed>
  </Step>
  <Step index="29">
    <RandomizerValueHighest>17.427</RandomizerValueHighest>
    <BestCreationType>Mutation Fill</BestCreationType>
    <BestChanged>1</BestChanged>
    <StepDuration>10468</StepDuration>
    <StepSpeed>0.955</StepSpeed>
  </Step>
  <Step index="30">
    <RandomizerValueHighest>17.427</RandomizerValueHighest>
    <BestCreationType>Mutation Fill</BestCreationType>
    <BestChanged>0</BestChanged>
    <StepDuration>11793</StepDuration>
    <StepSpeed>0.848</StepSpeed>
  </Step>
  <Step index="31">
    <RandomizerValueHighest>17.427</RandomizerValueHighest>
    <BestCreationType>Mutation Fill</BestCreationType>
    <BestChanged>0</BestChanged>
    <StepDuration>11061</StepDuration>
    <StepSpeed>0.904</StepSpeed>
  </Step>
  <Step index="32">
    <RandomizerValueHighest>17.457</RandomizerValueHighest>
    <BestCreationType>Mutation Fill</BestCreationType>
    <BestChanged>1</BestChanged>
    <StepDuration>8829</StepDuration>
    <StepSpeed>1.133</StepSpeed>
  </Step>
  <Step index="33">
    <RandomizerValueHighest>17.491</RandomizerValueHighest>
    <BestCreationType>Mutation Fill</BestCreationType>
    <BestChanged>1</BestChanged>
    <StepDuration>11685</StepDuration>
    <StepSpeed>0.856</StepSpeed>
  </Step>
  <Step index="34">
    <RandomizerValueHighest>17.491</RandomizerValueHighest>
    <BestCreationType>Mutation Fill</BestCreationType>
    <BestChanged>0</BestChanged>
    <StepDuration>9454</StepDuration>
    <StepSpeed>1.058</StepSpeed>
  </Step>
  <Step index="35">
    <RandomizerValueHighest>17.491</RandomizerValueHighest>
    <BestCreationType>Mutation Fill</BestCreationType>
    <BestChanged>0</BestChanged>
    <StepDuration>11107</StepDuration>
    <StepSpeed>0.900</StepSpeed>
  </Step>
  <Step index="36">
    <RandomizerValueHighest>17.495</RandomizerValueHighest>
    <BestCreationType>Mutation Swap</BestCreationType>
    <BestChanged>1</BestChanged>
    <StepDuration>11138</StepDuration>
    <StepSpeed>0.898</StepSpeed>
  </Step>
  <Step index="37">
    <RandomizerValueHighest>17.498</RandomizerValueHighest>
    <BestCreationType>Mutation Fill</BestCreationType>
    <BestChanged>1</BestChanged>
    <StepDuration>10608</StepDuration>
    <StepSpeed>0.943</StepSpeed>
  </Step>
  <Step index="38">
    <RandomizerValueHighest>17.525</RandomizerValueHighest>
    <BestCreationType>Cross Row Half</BestCreationType>
    <BestChanged>1</BestChanged>
    <StepDuration>11076</StepDuration>
    <StepSpeed>0.903</StepSpeed>
  </Step>
  <Step index="39">
    <RandomizerValueHighest>17.557</RandomizerValueHighest>
    <BestCreationType>Cross Row Half</BestCreationType>
    <BestChanged>1</BestChanged>
    <StepDuration>11139</StepDuration>
    <StepSpeed>0.898</StepSpeed>
  </Step>
  <Step index="40">
    <RandomizerValueHighest>17.557</RandomizerValueHighest>
    <BestCreationType>Cross Row Half</BestCreationType>
    <BestChanged>0</BestChanged>
    <StepDuration>10124</StepDuration>
    <StepSpeed>0.988</StepSpeed>
  </Step>
  <Step index="41">
    <RandomizerValueHighest>17.566</RandomizerValueHighest>
    <BestCreationType>Mutation Fill</BestCreationType>
    <BestChanged>1</BestChanged>
    <StepDuration>11685</StepDuration>
    <StepSpeed>0.856</StepSpeed>
  </Step>
  <Step index="42">
    <RandomizerValueHighest>17.614</RandomizerValueHighest>
    <BestCreationType>Mutation Fill</BestCreationType>
    <BestChanged>1</BestChanged>
    <StepDuration>11372</StepDuration>
    <StepSpeed>0.879</StepSpeed>
  </Step>
  <Step index="43">
    <RandomizerValueHighest>17.614</RandomizerValueHighest>
    <BestCreationType>Mutation Fill</BestCreationType>
    <BestChanged>0</BestChanged>
    <StepDuration>10733</StepDuration>
    <StepSpeed>0.932</StepSpeed>
  </Step>
  <Step index="44">
    <RandomizerValueHighest>17.614</RandomizerValueHighest>
    <BestCreationType>Mutation Fill</BestCreationType>
    <BestChanged>0</BestChanged>
    <StepDuration>10562</StepDuration>
    <StepSpeed>0.947</StepSpeed>
  </Step>
  <Step index="45">
    <RandomizerValueHighest>17.618</RandomizerValueHighest>
    <BestCreationType>Mutation Swap</BestCreationType>
    <BestChanged>1</BestChanged>
    <StepDuration>11544</StepDuration>
    <StepSpeed>0.866</StepSpeed>
  </Step>
  <Step index="46">
    <RandomizerValueHighest>17.634</RandomizerValueHighest>
    <BestCreationType>Mutation Swap</BestCreationType>
    <BestChanged>1</BestChanged>
    <StepDuration>11044</StepDuration>
    <StepSpeed>0.905</StepSpeed>
  </Step>
  <Step index="47">
    <RandomizerValueHighest>17.634</RandomizerValueHighest>
    <BestCreationType>Mutation Swap</BestCreationType>
    <BestChanged>0</BestChanged>
    <StepDuration>8955</StepDuration>
    <StepSpeed>1.117</StepSpeed>
  </Step>
  <Step index="48">
    <RandomizerValueHighest>17.639</RandomizerValueHighest>
    <BestCreationType>Mutation Swap</BestCreationType>
    <BestChanged>1</BestChanged>
    <StepDuration>11950</StepDuration>
    <StepSpeed>0.837</StepSpeed>
  </Step>
  <Step index="49">
    <RandomizerValueHighest>17.645</RandomizerValueHighest>
    <BestCreationType>Mutation Fill</BestCreationType>
    <BestChanged>1</BestChanged>
    <StepDuration>12246</StepDuration>
    <StepSpeed>0.817</StepSpeed>
  </Step>
  <Step index="50">
    <RandomizerValueHighest>17.664</RandomizerValueHighest>
    <BestCreationType>Mutation Swap</BestCreationType>
    <BestChanged>1</BestChanged>
    <StepDuration>11029</StepDuration>
    <StepSpeed>0.907</StepSpeed>
  </Step>
  <Step index="51">
    <RandomizerValueHighest>17.682</RandomizerValueHighest>
    <BestCreationType>Mutation Swap</BestCreationType>
    <BestChanged>1</BestChanged>
    <StepDuration>11684</StepDuration>
    <StepSpeed>0.856</StepSpeed>
  </Step>
  <Step index="52">
    <RandomizerValueHighest>17.682</RandomizerValueHighest>
    <BestCreationType>Mutation Swap</BestCreationType>
    <BestChanged>0</BestChanged>
    <StepDuration>11108</StepDuration>
    <StepSpeed>0.900</StepSpeed>
  </Step>
  <Step index="53">
    <RandomizerValueHighest>17.682</RandomizerValueHighest>
    <BestCreationType>Mutation Swap</BestCreationType>
    <BestChanged>0</BestChanged>
    <StepDuration>8829</StepDuration>
    <StepSpeed>1.133</StepSpeed>
  </Step>
  <Step index="54">
    <RandomizerValueHighest>17.718</RandomizerValueHighest>
    <BestCreationType>Mutation Fill</BestCreationType>
    <BestChanged>1</BestChanged>
    <StepDuration>9329</StepDuration>
    <StepSpeed>1.072</StepSpeed>
  </Step>
  <Step index="55">
    <RandomizerValueHighest>17.745</RandomizerValueHighest>
    <BestCreationType>Mutation Fill</BestCreationType>
    <BestChanged>1</BestChanged>
    <StepDuration>10483</StepDuration>
    <StepSpeed>0.954</StepSpeed>
  </Step>
  <Step index="56">
    <RandomizerValueHighest>17.759</RandomizerValueHighest>
    <BestCreationType>Mutation Swap</BestCreationType>
    <BestChanged>1</BestChanged>
    <StepDuration>13994</StepDuration>
    <StepSpeed>0.715</StepSpeed>
  </Step>
  <Step index="57">
    <RandomizerValueHighest>17.775</RandomizerValueHighest>
    <BestCreationType>Mutation Fill</BestCreationType>
    <BestChanged>1</BestChanged>
    <StepDuration>11762</StepDuration>
    <StepSpeed>0.850</StepSpeed>
  </Step>
  <Step index="58">
    <RandomizerValueHighest>17.786</RandomizerValueHighest>
    <BestCreationType>Mutation Fill</BestCreationType>
    <BestChanged>1</BestChanged>
    <StepDuration>10998</StepDuration>
    <StepSpeed>0.909</StepSpeed>
  </Step>
  <Step index="59">
    <RandomizerValueHighest>17.811</RandomizerValueHighest>
    <BestCreationType>Mutation Fill</BestCreationType>
    <BestChanged>1</BestChanged>
    <StepDuration>11669</StepDuration>
    <StepSpeed>0.857</StepSpeed>
  </Step>
  <Step index="60">
    <RandomizerValueHighest>17.811</RandomizerValueHighest>
    <BestCreationType>Mutation Fill</BestCreationType>
    <BestChanged>0</BestChanged>
    <StepDuration>11841</StepDuration>
    <StepSpeed>0.845</StepSpeed>
  </Step>
  <Step index="61">
    <RandomizerValueHighest>17.811</RandomizerValueHighest>
    <BestCreationType>Mutation Fill</BestCreationType>
    <BestChanged>0</BestChanged>
    <StepDuration>12293</StepDuration>
    <StepSpeed>0.813</StepSpeed>
  </Step>
  <Step index="62">
    <RandomizerValueHighest>17.811</RandomizerValueHighest>
    <BestCreationType>Mutation Fill</BestCreationType>
    <BestChanged>0</BestChanged>
    <StepDuration>8736</StepDuration>
    <StepSpeed>1.145</StepSpeed>
  </Step>
  <Step index="63">
    <RandomizerValueHighest>17.825</RandomizerValueHighest>
    <BestCreationType>Cross Row Half</BestCreationType>
    <BestChanged>1</BestChanged>
    <StepDuration>8845</StepDuration>
    <StepSpeed>1.131</StepSpeed>
  </Step>
  <Step index="64">
    <RandomizerValueHighest>17.839</RandomizerValueHighest>
    <BestCreationType>Mutation Swap</BestCreationType>
    <BestChanged>1</BestChanged>
    <StepDuration>11170</StepDuration>
    <StepSpeed>0.895</StepSpeed>
  </Step>
  <Step index="65">
    <RandomizerValueHighest>17.859</RandomizerValueHighest>
    <BestCreationType>Mutation Fill</BestCreationType>
    <BestChanged>1</BestChanged>
    <StepDuration>8767</StepDuration>
    <StepSpeed>1.141</StepSpeed>
  </Step>
  <Step index="66">
    <RandomizerValueHighest>17.861</RandomizerValueHighest>
    <BestCreationType>Cross Row Half</BestCreationType>
    <BestChanged>1</BestChanged>
    <StepDuration>11606</StepDuration>
    <StepSpeed>0.862</StepSpeed>
  </Step>
  <Step index="67">
    <RandomizerValueHighest>17.884</RandomizerValueHighest>
    <BestCreationType>Mutation Fill</BestCreationType>
    <BestChanged>1</BestChanged>
    <StepDuration>10998</StepDuration>
    <StepSpeed>0.909</StepSpeed>
  </Step>
  <Step index="68">
    <RandomizerValueHighest>17.964</RandomizerValueHighest>
    <BestCreationType>Mutation Fill</BestCreationType>
    <BestChanged>1</BestChanged>
    <StepDuration>12262</StepDuration>
    <StepSpeed>0.816</StepSpeed>
  </Step>
  <Step index="69">
    <RandomizerValueHighest>17.970</RandomizerValueHighest>
    <BestCreationType>Mutation Fill</BestCreationType>
    <BestChanged>1</BestChanged>
    <StepDuration>9329</StepDuration>
    <StepSpeed>1.072</StepSpeed>
  </Step>
  <Step index="70">
    <RandomizerValueHighest>17.970</RandomizerValueHighest>
    <BestCreationType>Mutation Fill</BestCreationType>
    <BestChanged>0</BestChanged>
    <StepDuration>8034</StepDuration>
    <StepSpeed>1.245</StepSpeed>
  </Step>
  <Step index="71">
    <RandomizerValueHighest>17.977</RandomizerValueHighest>
    <BestCreationType>Mutation Fill</BestCreationType>
    <BestChanged>1</BestChanged>
    <StepDuration>11263</StepDuration>
    <StepSpeed>0.888</StepSpeed>
  </Step>
  <Step index="72">
    <RandomizerValueHighest>18.027</RandomizerValueHighest>
    <BestCreationType>Mutation Fill</BestCreationType>
    <BestChanged>1</BestChanged>
    <StepDuration>9953</StepDuration>
    <StepSpeed>1.005</StepSpeed>
  </Step>
  <Step index="73">
    <RandomizerValueHighest>18.027</RandomizerValueHighest>
    <BestCreationType>Mutation Fill</BestCreationType>
    <BestChanged>0</BestChanged>
    <StepDuration>10515</StepDuration>
    <StepSpeed>0.951</StepSpeed>
  </Step>
  <Step index="74">
    <RandomizerValueHighest>18.027</RandomizerValueHighest>
    <BestCreationType>Mutation Fill</BestCreationType>
    <BestChanged>0</BestChanged>
    <StepDuration>11154</StepDuration>
    <StepSpeed>0.897</StepSpeed>
  </Step>
  <Step index="75">
    <RandomizerValueHighest>18.034</RandomizerValueHighest>
    <BestCreationType>Mutation Fill</BestCreationType>
    <BestChanged>1</BestChanged>
    <StepDuration>12230</StepDuration>
    <StepSpeed>0.818</StepSpeed>
  </Step>
  <Step index="76">
    <RandomizerValueHighest>18.059</RandomizerValueHighest>
    <BestCreationType>Mutation Swap</BestCreationType>
    <BestChanged>1</BestChanged>
    <StepDuration>7722</StepDuration>
    <StepSpeed>1.295</StepSpeed>
  </Step>
  <Step index="77">
    <RandomizerValueHighest>18.077</RandomizerValueHighest>
    <BestCreationType>Mutation Fill</BestCreationType>
    <BestChanged>1</BestChanged>
    <StepDuration>10515</StepDuration>
    <StepSpeed>0.951</StepSpeed>
  </Step>
  <Step index="78">
    <RandomizerValueHighest>18.077</RandomizerValueHighest>
    <BestCreationType>Mutation Fill</BestCreationType>
    <BestChanged>0</BestChanged>
    <StepDuration>11871</StepDuration>
    <StepSpeed>0.842</StepSpeed>
  </Step>
  <Step index="79">
    <RandomizerValueHighest>18.077</RandomizerValueHighest>
    <BestCreationType>Mutation Fill</BestCreationType>
    <BestChanged>0</BestChanged>
    <StepDuration>9891</StepDuration>
    <StepSpeed>1.011</StepSpeed>
  </Step>
  <Step index="80">
    <RandomizerValueHighest>18.077</RandomizerValueHighest>
    <BestCreationType>Mutation Fill</BestCreationType>
    <BestChanged>0</BestChanged>
    <StepDuration>8751</StepDuration>
    <StepSpeed>1.143</StepSpeed>
  </Step>
  <Step index="81">
    <RandomizerValueHighest>18.095</RandomizerValueHighest>
    <BestCreationType>Mutation Swap</BestCreationType>
    <BestChanged>1</BestChanged>
    <StepDuration>12402</StepDuration>
    <StepSpeed>0.806</StepSpeed>
  </Step>
  <Step index="82">
    <RandomizerValueHighest>18.095</RandomizerValueHighest>
    <BestCreationType>Mutation Swap</BestCreationType>
    <BestChanged>0</BestChanged>
    <StepDuration>9953</StepDuration>
    <StepSpeed>1.005</StepSpeed>
  </Step>
  <Step index="83">
    <RandomizerValueHighest>18.095</RandomizerValueHighest>
    <BestCreationType>Mutation Swap</BestCreationType>
    <BestChanged>0</BestChanged>
    <StepDuration>9953</StepDuration>
    <StepSpeed>1.005</StepSpeed>
  </Step>
  <Step index="84">
    <RandomizerValueHighest>18.114</RandomizerValueHighest>
    <BestCreationType>Mutation Swap</BestCreationType>
    <BestChanged>1</BestChanged>
    <StepDuration>11638</StepDuration>
    <StepSpeed>0.859</StepSpeed>
  </Step>
  <Step index="85">
    <RandomizerValueHighest>18.114</RandomizerValueHighest>
    <BestCreationType>Mutation Swap</BestCreationType>
    <BestChanged>0</BestChanged>
    <StepDuration>8752</StepDuration>
    <StepSpeed>1.143</StepSpeed>
  </Step>
  <Step index="86">
    <RandomizerValueHighest>18.118</RandomizerValueHighest>
    <BestCreationType>Mutation Swap</BestCreationType>
    <BestChanged>1</BestChanged>
    <StepDuration>11029</StepDuration>
    <StepSpeed>0.907</StepSpeed>
  </Step>
  <Step index="87">
    <RandomizerValueHighest>18.132</RandomizerValueHighest>
    <BestCreationType>Mutation Fill</BestCreationType>
    <BestChanged>1</BestChanged>
    <StepDuration>13041</StepDuration>
    <StepSpeed>0.767</StepSpeed>
  </Step>
  <Step index="88">
    <RandomizerValueHighest>18.150</RandomizerValueHighest>
    <BestCreationType>Mutation Fill</BestCreationType>
    <BestChanged>1</BestChanged>
    <StepDuration>12231</StepDuration>
    <StepSpeed>0.818</StepSpeed>
  </Step>
  <Step index="89">
    <RandomizerValueHighest>18.155</RandomizerValueHighest>
    <BestCreationType>Cross Row Half</BestCreationType>
    <BestChanged>1</BestChanged>
    <StepDuration>9875</StepDuration>
    <StepSpeed>1.013</StepSpeed>
  </Step>
  <Step index="90">
    <RandomizerValueHighest>18.164</RandomizerValueHighest>
    <BestCreationType>Mutation Swap</BestCreationType>
    <BestChanged>1</BestChanged>
    <StepDuration>9297</StepDuration>
    <StepSpeed>1.076</StepSpeed>
  </Step>
  <Step index="91">
    <RandomizerValueHighest>18.164</RandomizerValueHighest>
    <BestCreationType>Mutation Swap</BestCreationType>
    <BestChanged>0</BestChanged>
    <StepDuration>12184</StepDuration>
    <StepSpeed>0.821</StepSpeed>
  </Step>
  <Step index="92">
    <RandomizerValueHighest>18.189</RandomizerValueHighest>
    <BestCreationType>Mutation Swap</BestCreationType>
    <BestChanged>1</BestChanged>
    <StepDuration>11154</StepDuration>
    <StepSpeed>0.897</StepSpeed>
  </Step>
  <Step index="93">
    <RandomizerValueHighest>18.189</RandomizerValueHighest>
    <BestCreationType>Mutation Swap</BestCreationType>
    <BestChanged>0</BestChanged>
    <StepDuration>9376</StepDuration>
    <StepSpeed>1.067</StepSpeed>
  </Step>
  <Step index="94">
    <RandomizerValueHighest>18.214</RandomizerValueHighest>
    <BestCreationType>Mutation Fill</BestCreationType>
    <BestChanged>1</BestChanged>
    <StepDuration>11716</StepDuration>
    <StepSpeed>0.854</StepSpeed>
  </Step>
  <Step index="95">
    <RandomizerValueHighest>18.214</RandomizerValueHighest>
    <BestCreationType>Mutation Fill</BestCreationType>
    <BestChanged>0</BestChanged>
    <StepDuration>7332</StepDuration>
    <StepSpeed>1.364</StepSpeed>
  </Step>
  <Step index="96">
    <RandomizerValueHighest>18.252</RandomizerValueHighest>
    <BestCreationType>Mutation Fill</BestCreationType>
    <BestChanged>1</BestChanged>
    <StepDuration>12807</StepDuration>
    <StepSpeed>0.781</StepSpeed>
  </Step>
  <Step index="97">
    <RandomizerValueHighest>18.257</RandomizerValueHighest>
    <BestCreationType>Mutation Fill</BestCreationType>
    <BestChanged>1</BestChanged>
    <StepDuration>9953</StepDuration>
    <StepSpeed>1.005</StepSpeed>
  </Step>
  <Step index="98">
    <RandomizerValueHighest>18.257</RandomizerValueHighest>
    <BestCreationType>Mutation Fill</BestCreationType>
    <BestChanged>0</BestChanged>
    <StepDuration>8159</StepDuration>
    <StepSpeed>1.226</StepSpeed>
  </Step>
  <Step index="99">
    <RandomizerValueHighest>18.257</RandomizerValueHighest>
    <BestCreationType>Mutation Fill</BestCreationType>
    <BestChanged>0</BestChanged>
    <StepDuration>11029</StepDuration>
    <StepSpeed>0.907</StepSpeed>
  </Step>
  <Step index="100">
    <RandomizerValueHighest>18.275</RandomizerValueHighest>
    <BestCreationType>Mutation Swap</BestCreationType>
    <BestChanged>1</BestChanged>
    <StepDuration>12730</StepDuration>
    <StepSpeed>0.786</StepSpeed>
  </Step>
  <Step index="101">
    <RandomizerValueHighest>18.291</RandomizerValueHighest>
    <BestCreationType>Mutation Swap</BestCreationType>
    <BestChanged>1</BestChanged>
    <StepDuration>11170</StepDuration>
    <StepSpeed>0.895</StepSpeed>
  </Step>
  <Step index="102">
    <RandomizerValueHighest>18.341</RandomizerValueHighest>
    <BestCreationType>Mutation Fill</BestCreationType>
    <BestChanged>1</BestChanged>
    <StepDuration>7737</StepDuration>
    <StepSpeed>1.292</StepSpeed>
  </Step>
  <Step index="103">
    <RandomizerValueHighest>18.359</RandomizerValueHighest>
    <BestCreationType>Mutation Swap</BestCreationType>
    <BestChanged>1</BestChanged>
    <StepDuration>12434</StepDuration>
    <StepSpeed>0.804</StepSpeed>
  </Step>
  <Step index="104">
    <RandomizerValueHighest>18.359</RandomizerValueHighest>
    <BestCreationType>Mutation Swap</BestCreationType>
    <BestChanged>0</BestChanged>
    <StepDuration>11762</StepDuration>
    <StepSpeed>0.850</StepSpeed>
  </Step>
  <Step index="105">
    <RandomizerValueHighest>18.364</RandomizerValueHighest>
    <BestCreationType>Mutation Swap</BestCreationType>
    <BestChanged>1</BestChanged>
    <StepDuration>9438</StepDuration>
    <StepSpeed>1.060</StepSpeed>
  </Step>
  <Step index="106">
    <RandomizerValueHighest>18.377</RandomizerValueHighest>
    <BestCreationType>Mutation Swap</BestCreationType>
    <BestChanged>1</BestChanged>
    <StepDuration>10140</StepDuration>
    <StepSpeed>0.986</StepSpeed>
  </Step>
  <Step index="107">
    <RandomizerValueHighest>18.377</RandomizerValueHighest>
    <BestCreationType>Mutation Swap</BestCreationType>
    <BestChanged>0</BestChanged>
    <StepDuration>10733</StepDuration>
    <StepSpeed>0.932</StepSpeed>
  </Step>
  <Step index="108">
    <RandomizerValueHighest>18.386</RandomizerValueHighest>
    <BestCreationType>Mutation Fill</BestCreationType>
    <BestChanged>1</BestChanged>
    <StepDuration>11903</StepDuration>
    <StepSpeed>0.840</StepSpeed>
  </Step>
  <Step index="109">
    <RandomizerValueHighest>18.402</RandomizerValueHighest>
    <BestCreationType>Mutation Swap</BestCreationType>
    <BestChanged>1</BestChanged>
    <StepDuration>11154</StepDuration>
    <StepSpeed>0.897</StepSpeed>
  </Step>
  <Step index="110">
    <RandomizerValueHighest>18.418</RandomizerValueHighest>
    <BestCreationType>Mutation Swap</BestCreationType>
    <BestChanged>1</BestChanged>
    <StepDuration>13541</StepDuration>
    <StepSpeed>0.738</StepSpeed>
  </Step>
  <Step index="111">
    <RandomizerValueHighest>18.436</RandomizerValueHighest>
    <BestCreationType>Mutation Fill</BestCreationType>
    <BestChanged>1</BestChanged>
    <StepDuration>10967</StepDuration>
    <StepSpeed>0.912</StepSpeed>
  </Step>
  <Step index="112">
    <RandomizerValueHighest>18.457</RandomizerValueHighest>
    <BestCreationType>Mutation Fill</BestCreationType>
    <BestChanged>1</BestChanged>
    <StepDuration>8783</StepDuration>
    <StepSpeed>1.139</StepSpeed>
  </Step>
  <Step index="113">
    <RandomizerValueHighest>18.475</RandomizerValueHighest>
    <BestCreationType>Mutation Swap</BestCreationType>
    <BestChanged>1</BestChanged>
    <StepDuration>7612</StepDuration>
    <StepSpeed>1.314</StepSpeed>
  </Step>
  <Step index="114">
    <RandomizerValueHighest>18.484</RandomizerValueHighest>
    <BestCreationType>Mutation Fill</BestCreationType>
    <BestChanged>1</BestChanged>
    <StepDuration>11716</StepDuration>
    <StepSpeed>0.854</StepSpeed>
  </Step>
  <Step index="115">
    <RandomizerValueHighest>18.509</RandomizerValueHighest>
    <BestCreationType>Mutation Swap</BestCreationType>
    <BestChanged>1</BestChanged>
    <StepDuration>10405</StepDuration>
    <StepSpeed>0.961</StepSpeed>
  </Step>
  <Step index="116">
    <RandomizerValueHighest>18.509</RandomizerValueHighest>
    <BestCreationType>Mutation Swap</BestCreationType>
    <BestChanged>0</BestChanged>
    <StepDuration>8705</StepDuration>
    <StepSpeed>1.149</StepSpeed>
  </Step>
  <Step index="117">
    <RandomizerValueHighest>18.509</RandomizerValueHighest>
    <BestCreationType>Mutation Swap</BestCreationType>
    <BestChanged>0</BestChanged>
    <StepDuration>9984</StepDuration>
    <StepSpeed>1.002</StepSpeed>
  </Step>
  <Step index="118">
    <RandomizerValueHighest>18.509</RandomizerValueHighest>
    <BestCreationType>Mutation Swap</BestCreationType>
    <BestChanged>0</BestChanged>
    <StepDuration>10421</StepDuration>
    <StepSpeed>0.960</StepSpeed>
  </Step>
  <Step index="119">
    <RandomizerValueHighest>18.516</RandomizerValueHighest>
    <BestCreationType>Mutation Swap</BestCreationType>
    <BestChanged>1</BestChanged>
    <StepDuration>14087</StepDuration>
    <StepSpeed>0.710</StepSpeed>
  </Step>
  <Step index="120">
    <RandomizerValueHighest>18.532</RandomizerValueHighest>
    <BestCreationType>Mutation Fill</BestCreationType>
    <BestChanged>1</BestChanged>
    <StepDuration>11778</StepDuration>
    <StepSpeed>0.849</StepSpeed>
  </Step>
  <Step index="121">
    <RandomizerValueHighest>18.575</RandomizerValueHighest>
    <BestCreationType>Mutation Fill</BestCreationType>
    <BestChanged>1</BestChanged>
    <StepDuration>12262</StepDuration>
    <StepSpeed>0.816</StepSpeed>
  </Step>
  <Step index="122">
    <RandomizerValueHighest>18.575</RandomizerValueHighest>
    <BestCreationType>Mutation Fill</BestCreationType>
    <BestChanged>0</BestChanged>
    <StepDuration>11091</StepDuration>
    <StepSpeed>0.902</StepSpeed>
  </Step>
  <Step index="123">
    <RandomizerValueHighest>18.575</RandomizerValueHighest>
    <BestCreationType>Mutation Fill</BestCreationType>
    <BestChanged>0</BestChanged>
    <StepDuration>11966</StepDuration>
    <StepSpeed>0.836</StepSpeed>
  </Step>
  <Step index="124">
    <RandomizerValueHighest>18.582</RandomizerValueHighest>
    <BestCreationType>Mutation Fill</BestCreationType>
    <BestChanged>1</BestChanged>
    <StepDuration>10764</StepDuration>
    <StepSpeed>0.929</StepSpeed>
  </Step>
  <Step index="125">
    <RandomizerValueHighest>18.591</RandomizerValueHighest>
    <BestCreationType>Mutation Fill</BestCreationType>
    <BestChanged>1</BestChanged>
    <StepDuration>10592</StepDuration>
    <StepSpeed>0.944</StepSpeed>
  </Step>
  <Step index="126">
    <RandomizerValueHighest>18.605</RandomizerValueHighest>
    <BestCreationType>Mutation Fill</BestCreationType>
    <BestChanged>1</BestChanged>
    <StepDuration>11966</StepDuration>
    <StepSpeed>0.836</StepSpeed>
  </Step>
</History>
</LMRMEARandomizerState>
