<?xml version="1.0"?>
<LMRMEAState fileVersion="1">
<Basic>
  <Step>82</Step>
  <EARandUniform>74857</EARandUniform>
  <EARandGauss>550</EARandGauss>
  <TickTotal>0</TickTotal>
  <EAIndividualID>3567</EAIndividualID>
  <TaskRunProcessCount>0</TaskRunProcessCount>
  <MtbExporterProcessCount>0</MtbExporterProcessCount>
</Basic>
<Population count="50">
  <EAIndividual ID="3532">
    <CreationType>Cross Row Half</CreationType>
  </EAIndividual>
  <EAIndividual ID="3549">
    <CreationType>Mutation Swap</CreationType>
  </EAIndividual>
  <EAIndividual ID="3519">
    <CreationType>Mutation Fill</CreationType>
  </EAIndividual>
  <EAIndividual ID="3542">
    <CreationType>Mutation Fill</CreationType>
  </EAIndividual>
  <EAIndividual ID="3564">
    <CreationType>Cross Row Half</CreationType>
  </EAIndividual>
  <EAIndividual ID="3483">
    <CreationType>Cross Row Half</CreationType>
  </EAIndividual>
  <EAIndividual ID="3522">
    <CreationType>Mutation Swap</CreationType>
  </EAIndividual>
  <EAIndividual ID="3557">
    <CreationType>Cross Row Half</CreationType>
  </EAIndividual>
  <EAIndividual ID="3562">
    <CreationType>Mutation Fill</CreationType>
  </EAIndividual>
  <EAIndividual ID="3565">
    <CreationType>Cross Row Half</CreationType>
  </EAIndividual>
  <EAIndividual ID="3467">
    <CreationType>Mutation Fill</CreationType>
  </EAIndividual>
  <EAIndividual ID="3527">
    <CreationType>Mutation Fill</CreationType>
  </EAIndividual>
  <EAIndividual ID="3524">
    <CreationType>Cross Row Half</CreationType>
  </EAIndividual>
  <EAIndividual ID="3539">
    <CreationType>Cross Row Half</CreationType>
  </EAIndividual>
  <EAIndividual ID="3535">
    <CreationType>Cross Row Half</CreationType>
  </EAIndividual>
  <EAIndividual ID="3528">
    <CreationType>Mutation Fill</CreationType>
  </EAIndividual>
  <EAIndividual ID="3540">
    <CreationType>Cross Row Half</CreationType>
  </EAIndividual>
  <EAIndividual ID="3536">
    <CreationType>Cross Row Half</CreationType>
  </EAIndividual>
  <EAIndividual ID="3544">
    <CreationType>Mutation Fill</CreationType>
  </EAIndividual>
  <EAIndividual ID="3546">
    <CreationType>Cross Row Half</CreationType>
  </EAIndividual>
  <EAIndividual ID="3548">
    <CreationType>Mutation Fill</CreationType>
  </EAIndividual>
  <EAIndividual ID="3559">
    <CreationType>Cross Row Half</CreationType>
  </EAIndividual>
  <EAIndividual ID="3520">
    <CreationType>Cross Row Half</CreationType>
  </EAIndividual>
  <EAIndividual ID="3551">
    <CreationType>Mutation Fill</CreationType>
  </EAIndividual>
  <EAIndividual ID="3555">
    <CreationType>Mutation Fill</CreationType>
  </EAIndividual>
  <EAIndividual ID="3556">
    <CreationType>Cross Row Half</CreationType>
  </EAIndividual>
  <EAIndividual ID="3523">
    <CreationType>Cross Row Half</CreationType>
  </EAIndividual>
  <EAIndividual ID="3529">
    <CreationType>Mutation Fill</CreationType>
  </EAIndividual>
  <EAIndividual ID="3550">
    <CreationType>Mutation Fill</CreationType>
  </EAIndividual>
  <EAIndividual ID="3552">
    <CreationType>Cross Row Half</CreationType>
  </EAIndividual>
  <EAIndividual ID="3482">
    <CreationType>Cross Row Half</CreationType>
  </EAIndividual>
  <EAIndividual ID="3531">
    <CreationType>Cross Row Half</CreationType>
  </EAIndividual>
  <EAIndividual ID="3553">
    <CreationType>Cross Row Half</CreationType>
  </EAIndividual>
  <EAIndividual ID="3533">
    <CreationType>Mutation Fill</CreationType>
  </EAIndividual>
  <EAIndividual ID="3545">
    <CreationType>Cross Row Half</CreationType>
  </EAIndividual>
  <EAIndividual ID="3558">
    <CreationType>Mutation Swap</CreationType>
  </EAIndividual>
  <EAIndividual ID="3560">
    <CreationType>Cross Row Half</CreationType>
  </EAIndividual>
  <EAIndividual ID="3537">
    <CreationType>Mutation Fill</CreationType>
  </EAIndividual>
  <EAIndividual ID="3526">
    <CreationType>Mutation Fill</CreationType>
  </EAIndividual>
  <EAIndividual ID="3566">
    <CreationType>Mutation Swap</CreationType>
  </EAIndividual>
  <EAIndividual ID="3538">
    <CreationType>Mutation Swap</CreationType>
  </EAIndividual>
  <EAIndividual ID="3563">
    <CreationType>Mutation Swap</CreationType>
  </EAIndividual>
  <EAIndividual ID="3554">
    <CreationType>Mutation Swap</CreationType>
  </EAIndividual>
  <EAIndividual ID="3541">
    <CreationType>Mutation Swap</CreationType>
  </EAIndividual>
  <EAIndividual ID="3547">
    <CreationType>Mutation Swap</CreationType>
  </EAIndividual>
  <EAIndividual ID="3561">
    <CreationType>Mutation Swap</CreationType>
  </EAIndividual>
  <EAIndividual ID="3525">
    <CreationType>Mutation Swap</CreationType>
  </EAIndividual>
  <EAIndividual ID="3543">
    <CreationType>Mutation Swap</CreationType>
  </EAIndividual>
  <EAIndividual ID="3534">
    <CreationType>Mutation Swap</CreationType>
  </EAIndividual>
  <EAIndividual ID="3530">
    <CreationType>Mutation Swap</CreationType>
  </EAIndividual>
  </Population>
<OperationCount>
  <CrossoverCount>9</CrossoverCount>
  <MutationCount>27</MutationCount>
  <BreedCount>0</BreedCount>
  <ReproductionCount>5</ReproductionCount>
  <CrossoverColumnCount>28</CrossoverColumnCount>
  <CrossoverRowCount>24</CrossoverRowCount>
  <CrossoverRowRandomCount>0</CrossoverRowRandomCount>
  <CrossoverRowHalfCount>24</CrossoverRowHalfCount>
  <MutationSwapCount>14</MutationSwapCount>
  <MutationModifyCount>0</MutationModifyCount>
  <MutationNewCount>15</MutationNewCount>
</OperationCount>
<Statistics>
  <TickInit>0</TickInit>
  <TickDBPrepare>0</TickDBPrepare>
  <TickLaunchExternal>0</TickLaunchExternal>
  <TickResultImport>0</TickResultImport>
  <TickDBRemove>0</TickDBRemove>
  <TickEA>0</TickEA>
  <TickBitStringCache>0</TickBitStringCache>
  <CreationType>
    <Individual creationType="Random">
      <Create>0</Create>
      <Remove>0</Remove>
      <Best>0</Best>
      <Parent>0</Parent>
      <Reproduction>0</Reproduction>
  </Individual>
    <Individual creationType="Cross Col">
      <Create>66</Create>
      <Remove>66</Remove>
      <Best>0</Best>
      <Parent>104</Parent>
      <Reproduction>8</Reproduction>
  </Individual>
    <Individual creationType="Cross Row Random">
      <Create>0</Create>
      <Remove>0</Remove>
      <Best>0</Best>
      <Parent>0</Parent>
      <Reproduction>0</Reproduction>
  </Individual>
    <Individual creationType="Cross Row Half">
      <Create>1292</Create>
      <Remove>1271</Remove>
      <Best>31</Best>
      <Parent>2433</Parent>
      <Reproduction>234</Reproduction>
  </Individual>
    <Individual creationType="Mutation Swap">
      <Create>1196</Create>
      <Remove>1182</Remove>
      <Best>11</Best>
      <Parent>664</Parent>
      <Reproduction>108</Reproduction>
  </Individual>
    <Individual creationType="Mutation Modify">
      <Create>0</Create>
      <Remove>0</Remove>
      <Best>0</Best>
      <Parent>0</Parent>
      <Reproduction>0</Reproduction>
  </Individual>
    <Individual creationType="Mutation Fill">
      <Create>1007</Create>
      <Remove>992</Remove>
      <Best>24</Best>
      <Parent>1361</Parent>
      <Reproduction>183</Reproduction>
  </Individual>
    <Individual creationType="Breeding">
      <Create>3</Create>
      <Remove>3</Remove>
      <Best>0</Best>
      <Parent>11</Parent>
      <Reproduction>1</Reproduction>
  </Individual>
    <Individual creationType="Data Preset">
      <Create>2</Create>
      <Remove>2</Remove>
      <Best>0</Best>
      <Parent>51</Parent>
      <Reproduction>0</Reproduction>
  </Individual>
    <Individual creationType="Restored">
      <Create>0</Create>
      <Remove>0</Remove>
      <Best>0</Best>
      <Parent>0</Parent>
      <Reproduction>0</Reproduction>
  </Individual>
  </CreationType>
</Statistics>
<History>
  <Step index="1">
    <FitnessBest>1.073</FitnessBest>
    <FitnessWorst>3.977</FitnessWorst>
    <BestCreationType>Mutation Swap</BestCreationType>
    <BestChanged>1</BestChanged>
    <StepDuration>17344</StepDuration>
    <StepSpeed>2.883</StepSpeed>
  </Step>
  <Step index="2">
    <FitnessBest>1.053</FitnessBest>
    <FitnessWorst>1.817</FitnessWorst>
    <BestCreationType>Cross Row Half</BestCreationType>
    <BestChanged>1</BestChanged>
    <StepDuration>16453</StepDuration>
    <StepSpeed>3.039</StepSpeed>
  </Step>
  <Step index="3">
    <FitnessBest>0.982</FitnessBest>
    <FitnessWorst>1.423</FitnessWorst>
    <BestCreationType>Mutation Swap</BestCreationType>
    <BestChanged>1</BestChanged>
    <StepDuration>15406</StepDuration>
    <StepSpeed>3.245</StepSpeed>
  </Step>
  <Step index="4">
    <FitnessBest>0.951</FitnessBest>
    <FitnessWorst>1.380</FitnessWorst>
    <BestCreationType>Cross Row Half</BestCreationType>
    <BestChanged>1</BestChanged>
    <StepDuration>17860</StepDuration>
    <StepSpeed>2.800</StepSpeed>
  </Step>
  <Step index="5">
    <FitnessBest>0.888</FitnessBest>
    <FitnessWorst>1.463</FitnessWorst>
    <BestCreationType>Cross Row Half</BestCreationType>
    <BestChanged>1</BestChanged>
    <StepDuration>14875</StepDuration>
    <StepSpeed>3.361</StepSpeed>
  </Step>
  <Step index="6">
    <FitnessBest>0.830</FitnessBest>
    <FitnessWorst>1.331</FitnessWorst>
    <BestCreationType>Mutation Swap</BestCreationType>
    <BestChanged>1</BestChanged>
    <StepDuration>15875</StepDuration>
    <StepSpeed>3.150</StepSpeed>
  </Step>
  <Step index="7">
    <FitnessBest>0.795</FitnessBest>
    <FitnessWorst>1.308</FitnessWorst>
    <BestCreationType>Cross Row Half</BestCreationType>
    <BestChanged>1</BestChanged>
    <StepDuration>14734</StepDuration>
    <StepSpeed>3.394</StepSpeed>
  </Step>
  <Step index="8">
    <FitnessBest>0.694</FitnessBest>
    <FitnessWorst>1.822</FitnessWorst>
    <BestCreationType>Mutation Swap</BestCreationType>
    <BestChanged>1</BestChanged>
    <StepDuration>14953</StepDuration>
    <StepSpeed>3.344</StepSpeed>
  </Step>
  <Step index="9">
    <FitnessBest>0.681</FitnessBest>
    <FitnessWorst>1.244</FitnessWorst>
    <BestCreationType>Cross Row Half</BestCreationType>
    <BestChanged>1</BestChanged>
    <StepDuration>14500</StepDuration>
    <StepSpeed>3.448</StepSpeed>
  </Step>
  <Step index="10">
    <FitnessBest>0.672</FitnessBest>
    <FitnessWorst>1.298</FitnessWorst>
    <BestCreationType>Cross Row Half</BestCreationType>
    <BestChanged>1</BestChanged>
    <StepDuration>14610</StepDuration>
    <StepSpeed>3.422</StepSpeed>
  </Step>
  <Step index="11">
    <FitnessBest>0.666</FitnessBest>
    <FitnessWorst>1.087</FitnessWorst>
    <BestCreationType>Cross Row Half</BestCreationType>
    <BestChanged>1</BestChanged>
    <StepDuration>14906</StepDuration>
    <StepSpeed>3.354</StepSpeed>
  </Step>
  <Step index="12">
    <FitnessBest>0.657</FitnessBest>
    <FitnessWorst>1.128</FitnessWorst>
    <BestCreationType>Cross Row Half</BestCreationType>
    <BestChanged>1</BestChanged>
    <StepDuration>15031</StepDuration>
    <StepSpeed>3.326</StepSpeed>
  </Step>
  <Step index="13">
    <FitnessBest>0.624</FitnessBest>
    <FitnessWorst>1.250</FitnessWorst>
    <BestCreationType>Mutation Swap</BestCreationType>
    <BestChanged>1</BestChanged>
    <StepDuration>14797</StepDuration>
    <StepSpeed>3.379</StepSpeed>
  </Step>
  <Step index="14">
    <FitnessBest>0.613</FitnessBest>
    <FitnessWorst>0.903</FitnessWorst>
    <BestCreationType>Cross Row Half</BestCreationType>
    <BestChanged>1</BestChanged>
    <StepDuration>14922</StepDuration>
    <StepSpeed>3.351</StepSpeed>
  </Step>
  <Step index="15">
    <FitnessBest>0.578</FitnessBest>
    <FitnessWorst>0.905</FitnessWorst>
    <BestCreationType>Cross Row Half</BestCreationType>
    <BestChanged>1</BestChanged>
    <StepDuration>16062</StepDuration>
    <StepSpeed>3.113</StepSpeed>
  </Step>
  <Step index="16">
    <FitnessBest>0.575</FitnessBest>
    <FitnessWorst>0.972</FitnessWorst>
    <BestCreationType>Cross Row Half</BestCreationType>
    <BestChanged>1</BestChanged>
    <StepDuration>14766</StepDuration>
    <StepSpeed>3.386</StepSpeed>
  </Step>
  <Step index="17">
    <FitnessBest>0.558</FitnessBest>
    <FitnessWorst>1.039</FitnessWorst>
    <BestCreationType>Cross Row Half</BestCreationType>
    <BestChanged>1</BestChanged>
    <StepDuration>14906</StepDuration>
    <StepSpeed>3.354</StepSpeed>
  </Step>
  <Step index="18">
    <FitnessBest>0.549</FitnessBest>
    <FitnessWorst>1.008</FitnessWorst>
    <BestCreationType>Mutation Fill</BestCreationType>
    <BestChanged>1</BestChanged>
    <StepDuration>15906</StepDuration>
    <StepSpeed>3.143</StepSpeed>
  </Step>
  <Step index="19">
    <FitnessBest>0.525</FitnessBest>
    <FitnessWorst>0.843</FitnessWorst>
    <BestCreationType>Mutation Swap</BestCreationType>
    <BestChanged>1</BestChanged>
    <StepDuration>14829</StepDuration>
    <StepSpeed>3.372</StepSpeed>
  </Step>
  <Step index="20">
    <FitnessBest>0.525</FitnessBest>
    <FitnessWorst>0.956</FitnessWorst>
    <BestCreationType>Mutation Swap</BestCreationType>
    <BestChanged>0</BestChanged>
    <StepDuration>15062</StepDuration>
    <StepSpeed>3.320</StepSpeed>
  </Step>
  <Step index="21">
    <FitnessBest>0.503</FitnessBest>
    <FitnessWorst>1.099</FitnessWorst>
    <BestCreationType>Cross Row Half</BestCreationType>
    <BestChanged>1</BestChanged>
    <StepDuration>13656</StepDuration>
    <StepSpeed>3.661</StepSpeed>
  </Step>
  <Step index="22">
    <FitnessBest>0.460</FitnessBest>
    <FitnessWorst>1.102</FitnessWorst>
    <BestCreationType>Mutation Swap</BestCreationType>
    <BestChanged>1</BestChanged>
    <StepDuration>15282</StepDuration>
    <StepSpeed>3.272</StepSpeed>
  </Step>
  <Step index="23">
    <FitnessBest>0.460</FitnessBest>
    <FitnessWorst>0.883</FitnessWorst>
    <BestCreationType>Mutation Swap</BestCreationType>
    <BestChanged>0</BestChanged>
    <StepDuration>14671</StepDuration>
    <StepSpeed>3.408</StepSpeed>
  </Step>
  <Step index="24">
    <FitnessBest>0.437</FitnessBest>
    <FitnessWorst>1.050</FitnessWorst>
    <BestCreationType>Cross Row Half</BestCreationType>
    <BestChanged>1</BestChanged>
    <StepDuration>15204</StepDuration>
    <StepSpeed>3.289</StepSpeed>
  </Step>
  <Step index="25">
    <FitnessBest>0.428</FitnessBest>
    <FitnessWorst>0.807</FitnessWorst>
    <BestCreationType>Mutation Fill</BestCreationType>
    <BestChanged>1</BestChanged>
    <StepDuration>13859</StepDuration>
    <StepSpeed>3.608</StepSpeed>
  </Step>
  <Step index="26">
    <FitnessBest>0.425</FitnessBest>
    <FitnessWorst>1.188</FitnessWorst>
    <BestCreationType>Mutation Swap</BestCreationType>
    <BestChanged>1</BestChanged>
    <StepDuration>15156</StepDuration>
    <StepSpeed>3.299</StepSpeed>
  </Step>
  <Step index="27">
    <FitnessBest>0.413</FitnessBest>
    <FitnessWorst>0.806</FitnessWorst>
    <BestCreationType>Mutation Fill</BestCreationType>
    <BestChanged>1</BestChanged>
    <StepDuration>14719</StepDuration>
    <StepSpeed>3.397</StepSpeed>
  </Step>
  <Step index="28">
    <FitnessBest>0.404</FitnessBest>
    <FitnessWorst>0.739</FitnessWorst>
    <BestCreationType>Cross Row Half</BestCreationType>
    <BestChanged>1</BestChanged>
    <StepDuration>14641</StepDuration>
    <StepSpeed>3.415</StepSpeed>
  </Step>
  <Step index="29">
    <FitnessBest>0.381</FitnessBest>
    <FitnessWorst>0.681</FitnessWorst>
    <BestCreationType>Mutation Fill</BestCreationType>
    <BestChanged>1</BestChanged>
    <StepDuration>15734</StepDuration>
    <StepSpeed>3.178</StepSpeed>
  </Step>
  <Step index="30">
    <FitnessBest>0.355</FitnessBest>
    <FitnessWorst>0.872</FitnessWorst>
    <BestCreationType>Cross Row Half</BestCreationType>
    <BestChanged>1</BestChanged>
    <StepDuration>15812</StepDuration>
    <StepSpeed>3.162</StepSpeed>
  </Step>
  <Step index="31">
    <FitnessBest>0.351</FitnessBest>
    <FitnessWorst>0.789</FitnessWorst>
    <BestCreationType>Mutation Fill</BestCreationType>
    <BestChanged>1</BestChanged>
    <StepDuration>15110</StepDuration>
    <StepSpeed>3.309</StepSpeed>
  </Step>
  <Step index="32">
    <FitnessBest>0.342</FitnessBest>
    <FitnessWorst>1.064</FitnessWorst>
    <BestCreationType>Cross Row Half</BestCreationType>
    <BestChanged>1</BestChanged>
    <StepDuration>14828</StepDuration>
    <StepSpeed>3.372</StepSpeed>
  </Step>
  <Step index="33">
    <FitnessBest>0.338</FitnessBest>
    <FitnessWorst>0.778</FitnessWorst>
    <BestCreationType>Cross Row Half</BestCreationType>
    <BestChanged>1</BestChanged>
    <StepDuration>15687</StepDuration>
    <StepSpeed>3.187</StepSpeed>
  </Step>
  <Step index="34">
    <FitnessBest>0.321</FitnessBest>
    <FitnessWorst>0.792</FitnessWorst>
    <BestCreationType>Mutation Swap</BestCreationType>
    <BestChanged>1</BestChanged>
    <StepDuration>15141</StepDuration>
    <StepSpeed>3.302</StepSpeed>
  </Step>
  <Step index="35">
    <FitnessBest>0.300</FitnessBest>
    <FitnessWorst>0.623</FitnessWorst>
    <BestCreationType>Mutation Fill</BestCreationType>
    <BestChanged>1</BestChanged>
    <StepDuration>13859</StepDuration>
    <StepSpeed>3.608</StepSpeed>
  </Step>
  <Step index="36">
    <FitnessBest>0.296</FitnessBest>
    <FitnessWorst>0.747</FitnessWorst>
    <BestCreationType>Mutation Fill</BestCreationType>
    <BestChanged>1</BestChanged>
    <StepDuration>14844</StepDuration>
    <StepSpeed>3.368</StepSpeed>
  </Step>
  <Step index="37">
    <FitnessBest>0.289</FitnessBest>
    <FitnessWorst>0.810</FitnessWorst>
    <BestCreationType>Mutation Fill</BestCreationType>
    <BestChanged>1</BestChanged>
    <StepDuration>14594</StepDuration>
    <StepSpeed>3.426</StepSpeed>
  </Step>
  <Step index="38">
    <FitnessBest>0.289</FitnessBest>
    <FitnessWorst>0.637</FitnessWorst>
    <BestCreationType>Mutation Fill</BestCreationType>
    <BestChanged>0</BestChanged>
    <StepDuration>14641</StepDuration>
    <StepSpeed>3.415</StepSpeed>
  </Step>
  <Step index="39">
    <FitnessBest>0.286</FitnessBest>
    <FitnessWorst>0.728</FitnessWorst>
    <BestCreationType>Mutation Fill</BestCreationType>
    <BestChanged>1</BestChanged>
    <StepDuration>14515</StepDuration>
    <StepSpeed>3.445</StepSpeed>
  </Step>
  <Step index="40">
    <FitnessBest>0.269</FitnessBest>
    <FitnessWorst>0.739</FitnessWorst>
    <BestCreationType>Mutation Fill</BestCreationType>
    <BestChanged>1</BestChanged>
    <StepDuration>14766</StepDuration>
    <StepSpeed>3.386</StepSpeed>
  </Step>
  <Step index="41">
    <FitnessBest>0.262</FitnessBest>
    <FitnessWorst>0.628</FitnessWorst>
    <BestCreationType>Cross Row Half</BestCreationType>
    <BestChanged>1</BestChanged>
    <StepDuration>15140</StepDuration>
    <StepSpeed>3.303</StepSpeed>
  </Step>
  <Step index="42">
    <FitnessBest>0.262</FitnessBest>
    <FitnessWorst>0.792</FitnessWorst>
    <BestCreationType>Cross Row Half</BestCreationType>
    <BestChanged>0</BestChanged>
    <StepDuration>14641</StepDuration>
    <StepSpeed>3.415</StepSpeed>
  </Step>
  <Step index="43">
    <FitnessBest>0.241</FitnessBest>
    <FitnessWorst>0.760</FitnessWorst>
    <BestCreationType>Mutation Fill</BestCreationType>
    <BestChanged>1</BestChanged>
    <StepDuration>14656</StepDuration>
    <StepSpeed>3.412</StepSpeed>
  </Step>
  <Step index="44">
    <FitnessBest>0.238</FitnessBest>
    <FitnessWorst>0.777</FitnessWorst>
    <BestCreationType>Cross Row Half</BestCreationType>
    <BestChanged>1</BestChanged>
    <StepDuration>15703</StepDuration>
    <StepSpeed>3.184</StepSpeed>
  </Step>
  <Step index="45">
    <FitnessBest>0.225</FitnessBest>
    <FitnessWorst>0.599</FitnessWorst>
    <BestCreationType>Mutation Fill</BestCreationType>
    <BestChanged>1</BestChanged>
    <StepDuration>15688</StepDuration>
    <StepSpeed>3.187</StepSpeed>
  </Step>
  <Step index="46">
    <FitnessBest>0.221</FitnessBest>
    <FitnessWorst>0.639</FitnessWorst>
    <BestCreationType>Cross Row Half</BestCreationType>
    <BestChanged>1</BestChanged>
    <StepDuration>14609</StepDuration>
    <StepSpeed>3.423</StepSpeed>
  </Step>
  <Step index="47">
    <FitnessBest>0.212</FitnessBest>
    <FitnessWorst>0.508</FitnessWorst>
    <BestCreationType>Cross Row Half</BestCreationType>
    <BestChanged>1</BestChanged>
    <StepDuration>15813</StepDuration>
    <StepSpeed>3.162</StepSpeed>
  </Step>
  <Step index="48">
    <FitnessBest>0.212</FitnessBest>
    <FitnessWorst>0.603</FitnessWorst>
    <BestCreationType>Cross Row Half</BestCreationType>
    <BestChanged>0</BestChanged>
    <StepDuration>15515</StepDuration>
    <StepSpeed>3.223</StepSpeed>
  </Step>
  <Step index="49">
    <FitnessBest>0.212</FitnessBest>
    <FitnessWorst>0.482</FitnessWorst>
    <BestCreationType>Cross Row Half</BestCreationType>
    <BestChanged>0</BestChanged>
    <StepDuration>16016</StepDuration>
    <StepSpeed>3.122</StepSpeed>
  </Step>
  <Step index="50">
    <FitnessBest>0.195</FitnessBest>
    <FitnessWorst>0.463</FitnessWorst>
    <BestCreationType>Mutation Fill</BestCreationType>
    <BestChanged>1</BestChanged>
    <StepDuration>14953</StepDuration>
    <StepSpeed>3.344</StepSpeed>
  </Step>
  <Step index="51">
    <FitnessBest>0.195</FitnessBest>
    <FitnessWorst>0.675</FitnessWorst>
    <BestCreationType>Mutation Fill</BestCreationType>
    <BestChanged>0</BestChanged>
    <StepDuration>14828</StepDuration>
    <StepSpeed>3.372</StepSpeed>
  </Step>
  <Step index="52">
    <FitnessBest>0.180</FitnessBest>
    <FitnessWorst>0.434</FitnessWorst>
    <BestCreationType>Cross Row Half</BestCreationType>
    <BestChanged>1</BestChanged>
    <StepDuration>14641</StepDuration>
    <StepSpeed>3.415</StepSpeed>
  </Step>
  <Step index="53">
    <FitnessBest>0.180</FitnessBest>
    <FitnessWorst>0.702</FitnessWorst>
    <BestCreationType>Cross Row Half</BestCreationType>
    <BestChanged>0</BestChanged>
    <StepDuration>14734</StepDuration>
    <StepSpeed>3.394</StepSpeed>
  </Step>
  <Step index="54">
    <FitnessBest>0.176</FitnessBest>
    <FitnessWorst>0.457</FitnessWorst>
    <BestCreationType>Cross Row Half</BestCreationType>
    <BestChanged>1</BestChanged>
    <StepDuration>15282</StepDuration>
    <StepSpeed>3.272</StepSpeed>
  </Step>
  <Step index="55">
    <FitnessBest>0.174</FitnessBest>
    <FitnessWorst>0.514</FitnessWorst>
    <BestCreationType>Mutation Fill</BestCreationType>
    <BestChanged>1</BestChanged>
    <StepDuration>15062</StepDuration>
    <StepSpeed>3.320</StepSpeed>
  </Step>
  <Step index="56">
    <FitnessBest>0.169</FitnessBest>
    <FitnessWorst>0.683</FitnessWorst>
    <BestCreationType>Cross Row Half</BestCreationType>
    <BestChanged>1</BestChanged>
    <StepDuration>14875</StepDuration>
    <StepSpeed>3.361</StepSpeed>
  </Step>
  <Step index="57">
    <FitnessBest>0.169</FitnessBest>
    <FitnessWorst>0.373</FitnessWorst>
    <BestCreationType>Cross Row Half</BestCreationType>
    <BestChanged>0</BestChanged>
    <StepDuration>16047</StepDuration>
    <StepSpeed>3.116</StepSpeed>
  </Step>
  <Step index="58">
    <FitnessBest>0.154</FitnessBest>
    <FitnessWorst>0.520</FitnessWorst>
    <BestCreationType>Mutation Fill</BestCreationType>
    <BestChanged>1</BestChanged>
    <StepDuration>15953</StepDuration>
    <StepSpeed>3.134</StepSpeed>
  </Step>
  <Step index="59">
    <FitnessBest>0.154</FitnessBest>
    <FitnessWorst>0.469</FitnessWorst>
    <BestCreationType>Mutation Fill</BestCreationType>
    <BestChanged>0</BestChanged>
    <StepDuration>14859</StepDuration>
    <StepSpeed>3.365</StepSpeed>
  </Step>
  <Step index="60">
    <FitnessBest>0.139</FitnessBest>
    <FitnessWorst>0.464</FitnessWorst>
    <BestCreationType>Mutation Swap</BestCreationType>
    <BestChanged>1</BestChanged>
    <StepDuration>14641</StepDuration>
    <StepSpeed>3.415</StepSpeed>
  </Step>
  <Step index="61">
    <FitnessBest>0.118</FitnessBest>
    <FitnessWorst>0.373</FitnessWorst>
    <BestCreationType>Mutation Fill</BestCreationType>
    <BestChanged>1</BestChanged>
    <StepDuration>14406</StepDuration>
    <StepSpeed>3.471</StepSpeed>
  </Step>
  <Step index="62">
    <FitnessBest>0.102</FitnessBest>
    <FitnessWorst>0.488</FitnessWorst>
    <BestCreationType>Cross Row Half</BestCreationType>
    <BestChanged>1</BestChanged>
    <StepDuration>15032</StepDuration>
    <StepSpeed>3.326</StepSpeed>
  </Step>
  <Step index="63">
    <FitnessBest>0.102</FitnessBest>
    <FitnessWorst>0.461</FitnessWorst>
    <BestCreationType>Cross Row Half</BestCreationType>
    <BestChanged>0</BestChanged>
    <StepDuration>14828</StepDuration>
    <StepSpeed>3.372</StepSpeed>
  </Step>
  <Step index="64">
    <FitnessBest>0.084</FitnessBest>
    <FitnessWorst>0.252</FitnessWorst>
    <BestCreationType>Mutation Fill</BestCreationType>
    <BestChanged>1</BestChanged>
    <StepDuration>15140</StepDuration>
    <StepSpeed>3.303</StepSpeed>
  </Step>
  <Step index="65">
    <FitnessBest>0.084</FitnessBest>
    <FitnessWorst>0.587</FitnessWorst>
    <BestCreationType>Mutation Fill</BestCreationType>
    <BestChanged>0</BestChanged>
    <StepDuration>14641</StepDuration>
    <StepSpeed>3.415</StepSpeed>
  </Step>
  <Step index="66">
    <FitnessBest>0.076</FitnessBest>
    <FitnessWorst>0.543</FitnessWorst>
    <BestCreationType>Cross Row Half</BestCreationType>
    <BestChanged>1</BestChanged>
    <StepDuration>15797</StepDuration>
    <StepSpeed>3.165</StepSpeed>
  </Step>
  <Step index="67">
    <FitnessBest>0.074</FitnessBest>
    <FitnessWorst>0.604</FitnessWorst>
    <BestCreationType>Cross Row Half</BestCreationType>
    <BestChanged>1</BestChanged>
    <StepDuration>15734</StepDuration>
    <StepSpeed>3.178</StepSpeed>
  </Step>
  <Step index="68">
    <FitnessBest>0.074</FitnessBest>
    <FitnessWorst>0.568</FitnessWorst>
    <BestCreationType>Cross Row Half</BestCreationType>
    <BestChanged>0</BestChanged>
    <StepDuration>15000</StepDuration>
    <StepSpeed>3.333</StepSpeed>
  </Step>
  <Step index="69">
    <FitnessBest>0.061</FitnessBest>
    <FitnessWorst>0.712</FitnessWorst>
    <BestCreationType>Mutation Fill</BestCreationType>
    <BestChanged>1</BestChanged>
    <StepDuration>15297</StepDuration>
    <StepSpeed>3.269</StepSpeed>
  </Step>
  <Step index="70">
    <FitnessBest>0.053</FitnessBest>
    <FitnessWorst>0.670</FitnessWorst>
    <BestCreationType>Mutation Fill</BestCreationType>
    <BestChanged>1</BestChanged>
    <StepDuration>16109</StepDuration>
    <StepSpeed>3.104</StepSpeed>
  </Step>
  <Step index="71">
    <FitnessBest>0.053</FitnessBest>
    <FitnessWorst>0.418</FitnessWorst>
    <BestCreationType>Mutation Fill</BestCreationType>
    <BestChanged>0</BestChanged>
    <StepDuration>15797</StepDuration>
    <StepSpeed>3.165</StepSpeed>
  </Step>
  <Step index="72">
    <FitnessBest>0.041</FitnessBest>
    <FitnessWorst>0.313</FitnessWorst>
    <BestCreationType>Cross Row Half</BestCreationType>
    <BestChanged>1</BestChanged>
    <StepDuration>14844</StepDuration>
    <StepSpeed>3.368</StepSpeed>
  </Step>
  <Step index="73">
    <FitnessBest>0.026</FitnessBest>
    <FitnessWorst>0.524</FitnessWorst>
    <BestCreationType>Mutation Swap</BestCreationType>
    <BestChanged>1</BestChanged>
    <StepDuration>16000</StepDuration>
    <StepSpeed>3.125</StepSpeed>
  </Step>
  <Step index="74">
    <FitnessBest>0.026</FitnessBest>
    <FitnessWorst>0.327</FitnessWorst>
    <BestCreationType>Mutation Swap</BestCreationType>
    <BestChanged>0</BestChanged>
    <StepDuration>15875</StepDuration>
    <StepSpeed>3.150</StepSpeed>
  </Step>
  <Step index="75">
    <FitnessBest>0.025</FitnessBest>
    <FitnessWorst>0.581</FitnessWorst>
    <BestCreationType>Cross Row Half</BestCreationType>
    <BestChanged>1</BestChanged>
    <StepDuration>14703</StepDuration>
    <StepSpeed>3.401</StepSpeed>
  </Step>
  <Step index="76">
    <FitnessBest>0.022</FitnessBest>
    <FitnessWorst>0.279</FitnessWorst>
    <BestCreationType>Mutation Fill</BestCreationType>
    <BestChanged>1</BestChanged>
    <StepDuration>15110</StepDuration>
    <StepSpeed>3.309</StepSpeed>
  </Step>
  <Step index="77">
    <FitnessBest>0.021</FitnessBest>
    <FitnessWorst>0.495</FitnessWorst>
    <BestCreationType>Mutation Fill</BestCreationType>
    <BestChanged>1</BestChanged>
    <StepDuration>14921</StepDuration>
    <StepSpeed>3.351</StepSpeed>
  </Step>
  <Step index="78">
    <FitnessBest>0.021</FitnessBest>
    <FitnessWorst>0.485</FitnessWorst>
    <BestCreationType>Mutation Fill</BestCreationType>
    <BestChanged>0</BestChanged>
    <StepDuration>14672</StepDuration>
    <StepSpeed>3.408</StepSpeed>
  </Step>
  <Step index="79">
    <FitnessBest>0.017</FitnessBest>
    <FitnessWorst>0.266</FitnessWorst>
    <BestCreationType>Mutation Fill</BestCreationType>
    <BestChanged>1</BestChanged>
    <StepDuration>15422</StepDuration>
    <StepSpeed>3.242</StepSpeed>
  </Step>
  <Step index="80">
    <FitnessBest>0.010</FitnessBest>
    <FitnessWorst>0.415</FitnessWorst>
    <BestCreationType>Mutation Fill</BestCreationType>
    <BestChanged>1</BestChanged>
    <StepDuration>15063</StepDuration>
    <StepSpeed>3.319</StepSpeed>
  </Step>
  <Step index="81">
    <FitnessBest>0.006</FitnessBest>
    <FitnessWorst>0.501</FitnessWorst>
    <BestCreationType>Mutation Fill</BestCreationType>
    <BestChanged>1</BestChanged>
    <StepDuration>16015</StepDuration>
    <StepSpeed>3.122</StepSpeed>
  </Step>
  <Step index="82">
    <FitnessBest>0.000</FitnessBest>
    <FitnessWorst>0.716</FitnessWorst>
    <BestCreationType>Cross Row Half</BestCreationType>
    <BestChanged>1</BestChanged>
    <StepDuration>15922</StepDuration>
    <StepSpeed>3.140</StepSpeed>
  </Step>
</History>
</LMRMEAState>
