<?xml version="1.0"?>
<LMRMEAState fileVersion="1">
<Basic>
  <Step>1</Step>
  <EARandUniform>1679</EARandUniform>
  <EARandGauss>0</EARandGauss>
  <TickTotal>0</TickTotal>
  <EAIndividualID>11</EAIndividualID>
  <TaskRunProcessCount>0</TaskRunProcessCount>
  <MtbExporterProcessCount>0</MtbExporterProcessCount>
</Basic>
<Population count="10">
  <EAIndividual ID="1">
    <CreationType>Data Preset</CreationType>
  </EAIndividual>
  <EAIndividual ID="4">
    <CreationType>Mutation Fill</CreationType>
  </EAIndividual>
  <EAIndividual ID="5">
    <CreationType>Mutation Fill</CreationType>
  </EAIndividual>
  <EAIndividual ID="7">
    <CreationType>Mutation Fill</CreationType>
  </EAIndividual>
  <EAIndividual ID="8">
    <CreationType>Mutation Fill</CreationType>
  </EAIndividual>
  <EAIndividual ID="9">
    <CreationType>Mutation Fill</CreationType>
  </EAIndividual>
  <EAIndividual ID="10">
    <CreationType>Mutation Fill</CreationType>
  </EAIndividual>
  <EAIndividual ID="6">
    <CreationType>Mutation Fill</CreationType>
  </EAIndividual>
  <EAIndividual ID="3">
    <CreationType>Data Preset</CreationType>
  </EAIndividual>
  <EAIndividual ID="2">
    <CreationType>Data Preset</CreationType>
  </EAIndividual>
  </Population>
<OperationCount>
  <CrossoverCount>891305248</CrossoverCount>
  <MutationCount>1095049267</MutationCount>
  <BreedCount>1635022157</BreedCount>
  <ReproductionCount>1852795252</ReproductionCount>
  <CrossoverColumnCount>1885435731</CrossoverColumnCount>
  <CrossoverRowCount>1735288140</CrossoverRowCount>
  <CrossoverRowRandomCount>1632462964</CrossoverRowRandomCount>
  <CrossoverRowHalfCount>540876920</CrossoverRowHalfCount>
  <MutationSwapCount>539766834</MutationSwapCount>
  <MutationNewCount>1967997263</MutationNewCount>
</OperationCount>
<Statistics>
  <TickInit>0</TickInit>
  <TickDBPrepare>0</TickDBPrepare>
  <TickLaunchExternal>0</TickLaunchExternal>
  <TickResultImport>0</TickResultImport>
  <TickDBRemove>0</TickDBRemove>
  <TickEA>0</TickEA>
  <TickBitStringCache>0</TickBitStringCache>
  <CreationType>
    <Individual creationType="Random">
      <Create>0</Create>
      <Remove>0</Remove>
      <Best>0</Best>
      <Parent>0</Parent>
      <Reproduction>0</Reproduction>
  </Individual>
    <Individual creationType="Cross Col">
      <Create>0</Create>
      <Remove>0</Remove>
      <Best>0</Best>
      <Parent>0</Parent>
      <Reproduction>0</Reproduction>
  </Individual>
    <Individual creationType="Cross Row Random">
      <Create>0</Create>
      <Remove>0</Remove>
      <Best>0</Best>
      <Parent>0</Parent>
      <Reproduction>0</Reproduction>
  </Individual>
    <Individual creationType="Cross Row Half">
      <Create>0</Create>
      <Remove>0</Remove>
      <Best>0</Best>
      <Parent>0</Parent>
      <Reproduction>0</Reproduction>
  </Individual>
    <Individual creationType="Mutation Swap">
      <Create>0</Create>
      <Remove>0</Remove>
      <Best>0</Best>
      <Parent>0</Parent>
      <Reproduction>0</Reproduction>
  </Individual>
    <Individual creationType="Mutation Fill">
      <Create>7</Create>
      <Remove>0</Remove>
      <Best>0</Best>
      <Parent>0</Parent>
      <Reproduction>0</Reproduction>
  </Individual>
    <Individual creationType="Breeding">
      <Create>0</Create>
      <Remove>0</Remove>
      <Best>0</Best>
      <Parent>0</Parent>
      <Reproduction>0</Reproduction>
  </Individual>
    <Individual creationType="Data Preset">
      <Create>3</Create>
      <Remove>0</Remove>
      <Best>1</Best>
      <Parent>10</Parent>
      <Reproduction>0</Reproduction>
  </Individual>
    <Individual creationType="Restored">
      <Create>0</Create>
      <Remove>0</Remove>
      <Best>0</Best>
      <Parent>0</Parent>
      <Reproduction>0</Reproduction>
  </Individual>
  </CreationType>
</Statistics>
<History>
  <Step index="1">
    <FitnessBest>0.000</FitnessBest>
    <FitnessWorst>49.050</FitnessWorst>
    <BestCreationType>Data Preset</BestCreationType>
    <BestChanged>1</BestChanged>
    <StepDuration>11544</StepDuration>
    <StepSpeed>0.866</StepSpeed>
  </Step>
</History>
</LMRMEAState>
