<?xml version="1.0"?>
<LMRMEARandomizerState fileVersion="1">
<Basic>
  <Step>9</Step>
  <EARandUniform>5289</EARandUniform>
  <EARandGauss>0</EARandGauss>
  <TickTotal>0</TickTotal>
  <EAIndividualID>77</EAIndividualID>
  <TaskRunProcessCount>0</TaskRunProcessCount>
  <MtbExporterProcessCount>0</MtbExporterProcessCount>
</Basic>
<Population count="10">
  <EAIndividual ID="1">
    <CreationType>Data Preset</CreationType>
  </EAIndividual>
  <EAIndividual ID="62">
    <CreationType>Mutation Swap</CreationType>
  </EAIndividual>
  <EAIndividual ID="67">
    <CreationType>Mutation Fill</CreationType>
  </EAIndividual>
  <EAIndividual ID="68">
    <CreationType>Mutation Swap</CreationType>
  </EAIndividual>
  <EAIndividual ID="69">
    <CreationType>Mutation Swap</CreationType>
  </EAIndividual>
  <EAIndividual ID="70">
    <CreationType>Mutation Swap</CreationType>
  </EAIndividual>
  <EAIndividual ID="71">
    <CreationType>Mutation Fill</CreationType>
  </EAIndividual>
  <EAIndividual ID="72">
    <CreationType>Mutation Swap</CreationType>
  </EAIndividual>
  <EAIndividual ID="73">
    <CreationType>Mutation Fill</CreationType>
  </EAIndividual>
  <EAIndividual ID="74">
    <CreationType>Mutation Swap</CreationType>
  </EAIndividual>
  </Population>
<OperationCount>
  <CrossoverCount>0</CrossoverCount>
  <MutationCount>2</MutationCount>
  <BreedCount>1953844545</BreedCount>
  <ReproductionCount>2</ReproductionCount>
  <CrossoverColumnCount>0</CrossoverColumnCount>
  <CrossoverRowCount>0</CrossoverRowCount>
  <CrossoverRowRandomCount>0</CrossoverRowRandomCount>
  <CrossoverRowHalfCount>0</CrossoverRowHalfCount>
  <MutationSwapCount>2</MutationSwapCount>
  <MutationModifyCount>0</MutationModifyCount>
  <MutationNewCount>0</MutationNewCount>
</OperationCount>
<Statistics>
  <TickInit>0</TickInit>
  <TickDBPrepare>0</TickDBPrepare>
  <TickLaunchExternal>0</TickLaunchExternal>
  <TickResultImport>0</TickResultImport>
  <TickDBRemove>0</TickDBRemove>
  <TickEA>0</TickEA>
  <TickBitStringCache>0</TickBitStringCache>
  <CreationType>
    <Individual creationType="Random">
      <Create>0</Create>
      <Remove>0</Remove>
      <Best>0</Best>
      <Parent>0</Parent>
      <Reproduction>0</Reproduction>
  </Individual>
    <Individual creationType="Cross Col">
      <Create>0</Create>
      <Remove>0</Remove>
      <Best>0</Best>
      <Parent>0</Parent>
      <Reproduction>0</Reproduction>
  </Individual>
    <Individual creationType="Cross Row Random">
      <Create>0</Create>
      <Remove>0</Remove>
      <Best>0</Best>
      <Parent>0</Parent>
      <Reproduction>0</Reproduction>
  </Individual>
    <Individual creationType="Cross Row Half">
      <Create>0</Create>
      <Remove>0</Remove>
      <Best>0</Best>
      <Parent>0</Parent>
      <Reproduction>0</Reproduction>
  </Individual>
    <Individual creationType="Mutation Swap">
      <Create>48</Create>
      <Remove>40</Remove>
      <Best>9</Best>
      <Parent>69</Parent>
      <Reproduction>9</Reproduction>
  </Individual>
    <Individual creationType="Mutation Modify">
      <Create>0</Create>
      <Remove>0</Remove>
      <Best>0</Best>
      <Parent>0</Parent>
      <Reproduction>0</Reproduction>
  </Individual>
    <Individual creationType="Mutation Fill">
      <Create>27</Create>
      <Remove>24</Remove>
      <Best>0</Best>
      <Parent>0</Parent>
      <Reproduction>0</Reproduction>
  </Individual>
    <Individual creationType="Breeding">
      <Create>0</Create>
      <Remove>0</Remove>
      <Best>0</Best>
      <Parent>0</Parent>
      <Reproduction>0</Reproduction>
  </Individual>
    <Individual creationType="Data Preset">
      <Create>1</Create>
      <Remove>0</Remove>
      <Best>0</Best>
      <Parent>10</Parent>
      <Reproduction>9</Reproduction>
  </Individual>
    <Individual creationType="Restored">
      <Create>0</Create>
      <Remove>0</Remove>
      <Best>0</Best>
      <Parent>0</Parent>
      <Reproduction>0</Reproduction>
  </Individual>
  </CreationType>
</Statistics>
<History>
  <Step index="1">
    <RandomizerValueHighest>0.571</RandomizerValueHighest>
    <BestCreationType>Mutation Swap</BestCreationType>
    <BestChanged>1</BestChanged>
    <StepDuration>17565</StepDuration>
    <StepSpeed>0.569</StepSpeed>
  </Step>
  <Step index="2">
    <RandomizerValueHighest>1.161</RandomizerValueHighest>
    <BestCreationType>Mutation Swap</BestCreationType>
    <BestChanged>1</BestChanged>
    <StepDuration>14337</StepDuration>
    <StepSpeed>0.697</StepSpeed>
  </Step>
  <Step index="3">
    <RandomizerValueHighest>1.697</RandomizerValueHighest>
    <BestCreationType>Mutation Swap</BestCreationType>
    <BestChanged>1</BestChanged>
    <StepDuration>15132</StepDuration>
    <StepSpeed>0.661</StepSpeed>
  </Step>
  <Step index="4">
    <RandomizerValueHighest>2.153</RandomizerValueHighest>
    <BestCreationType>Mutation Swap</BestCreationType>
    <BestChanged>1</BestChanged>
    <StepDuration>13634</StepDuration>
    <StepSpeed>0.733</StepSpeed>
  </Step>
  <Step index="5">
    <RandomizerValueHighest>2.508</RandomizerValueHighest>
    <BestCreationType>Mutation Swap</BestCreationType>
    <BestChanged>1</BestChanged>
    <StepDuration>14711</StepDuration>
    <StepSpeed>0.680</StepSpeed>
  </Step>
  <Step index="6">
    <RandomizerValueHighest>2.903</RandomizerValueHighest>
    <BestCreationType>Mutation Swap</BestCreationType>
    <BestChanged>1</BestChanged>
    <StepDuration>14134</StepDuration>
    <StepSpeed>0.708</StepSpeed>
  </Step>
  <Step index="7">
    <RandomizerValueHighest>3.305</RandomizerValueHighest>
    <BestCreationType>Mutation Swap</BestCreationType>
    <BestChanged>1</BestChanged>
    <StepDuration>13978</StepDuration>
    <StepSpeed>0.715</StepSpeed>
  </Step>
  <Step index="8">
    <RandomizerValueHighest>3.771</RandomizerValueHighest>
    <BestCreationType>Mutation Swap</BestCreationType>
    <BestChanged>1</BestChanged>
    <StepDuration>13775</StepDuration>
    <StepSpeed>0.726</StepSpeed>
  </Step>
  <Step index="9">
    <RandomizerValueHighest>4.121</RandomizerValueHighest>
    <BestCreationType>Mutation Swap</BestCreationType>
    <BestChanged>1</BestChanged>
    <StepDuration>14367</StepDuration>
    <StepSpeed>0.696</StepSpeed>
  </Step>
</History>
</LMRMEARandomizerState>
